Waldort,WE-Typ,U,I_A,W_S,SW,STOE,VTYP,UELH,UENH,VB
053A1,WO,200,A,S,S,32,0,0,0,1
053A2,WO,0,0,0,0,0,0,0,30,2
053A3,WO,0,0,0,0,0,0,40,50,0
053A4,WO,0,0,0,0,0,0,0,20,5
053B1,WO,0,0,0,0,0,0,0,0,0
053B2,WO,0,0,0,0,0,0,0,0,0
053C1,WO,0,0,0,0,0,0,0,0,0
053C2,WO,0,0,0,0,0,0,0,0,0
053D1,WO,0,0,0,0,0,0,0,0,0
053D2,WO,0,0,0,0,0,0,0,0,0
053D3,WO,0,0,0,0,0,0,0,0,0
053E0,WO,0,0,0,0,0,0,0,0,0
053F1,WO,0,0,0,0,0,0,0,0,0
053F2,WO,0,0,0,0,0,0,0,0,0
053F3,WO,0,0,0,0,0,0,0,0,0
053G1,WO,0,0,0,0,0,0,0,0,0
053G2,WO,0,0,0,0,0,0,0,0,0
053H1,WO,0,0,0,0,0,0,0,0,0
053H2,WO,0,0,0,0,0,0,0,0,0
053I0,WO,0,0,0,0,0,0,0,0,0
053J0,WO,140,0,0,0,0,0,0,0,0
053K1,WO,0,0,0,0,0,0,0,0,0
053K2,WO,0,0,0,0,0,0,0,0,0
053K3,WO,0,0,0,0,0,0,0,0,0
053K4,WO,0,0,0,0,0,0,0,0,0
053L1,WO,0,0,0,0,0,0,0,0,0
053L2,WO,0,0,0,0,0,0,0,0,0
053L3,WO,0,0,0,0,0,0,0,0,0
053M1,WO,0,0,0,0,0,0,0,0,0
053M2,WO,0,0,0,0,0,0,0,0,0
053M3,WO,0,0,0,0,0,0,0,0,0
053M4,WO,0,0,0,0,0,0,40,0,0
053M5,WO,0,0,0,0,0,0,0,0,0
053M6,WO,0,0,0,0,0,0,0,0,0
053N0,WO,0,0,0,0,0,0,0,0,0
053O0,WO,0,0,0,0,0,0,0,0,0
053P1,WO,0,0,0,0,0,0,0,0,0
053P2,WO,0,0,0,0,0,0,0,0,0
053Q1,WO,0,0,0,0,0,0,0,0,0
053Q2,WO,0,0,0,0,0,0,0,0,0
05331,NG,0,0,0,0,0,0,0,0,0
05332,NG,0,0,0,0,0,0,0,0,0
05333,NG,0,0,0,0,0,0,0,0,0
05334,NG,0,0,0,0,0,0,0,0,0
054A1,WO,0,0,0,0,0,0,0,0,0
054A2,WO,0,0,0,0,0,0,0,0,0
054A3,WO,0,0,0,0,0,0,0,0,0
054A4,WO,0,0,0,0,0,0,0,0,0
054A5,WO,0,0,0,0,0,0,0,0,0
054A6,WO,0,0,0,0,0,0,0,0,0
054A7,WO,0,0,0,0,0,0,0,0,0
054B1,WO,0,0,0,0,0,0,0,0,0
054B2,WO,0,0,0,0,0,0,0,0,0
054B3,WO,0,0,0,0,0,0,0,0,0
054B4,WO,0,0,0,0,0,0,0,0,0
054B5,WO,0,0,0,0,0,0,0,0,0
054B6,WO,0,0,0,0,0,0,0,0,0
054C1,WO,0,0,0,0,0,0,0,0,0
054C2,WO,0,0,0,0,0,0,0,0,0
054D1,WO,0,0,0,0,0,0,0,0,0
054D2,WO,0,0,0,0,0,0,0,0,0
054D3,WO,0,0,0,0,0,0,0,0,0
054E1,WO,0,0,0,0,0,0,0,0,0
054E2,WO,0,0,0,0,0,0,0,0,0
054E3,WO,0,0,0,0,0,0,0,0,0
054E4,WO,0,0,0,0,0,0,0,0,0
054E5,WO,0,0,0,0,0,0,0,0,0
054E6,WO,0,0,0,0,0,0,0,0,0
054E7,WO,0,0,0,0,0,0,0,0,0
054F1,WO,0,0,0,0,0,0,0,0,0
054F2,WO,0,0,0,0,0,0,0,0,0
054F3,WO,0,0,0,0,0,0,0,0,0
054G1,WO,0,0,0,0,0,0,0,0,0
054G2,WO,0,0,0,0,0,0,0,0,4
054G3,WO,0,0,0,0,0,0,0,0,0
054H1,WO,120,0,0,0,0,0,0,0,0
054H2,WO,0,0,0,0,0,0,0,0,0
054H3,WO,0,0,0,0,0,0,0,0,0
054I0,WO,0,0,0,0,0,0,0,0,0
054J1,WO,0,0,0,0,0,0,0,0,0
054J2,WO,0,0,0,0,0,0,0,0,0
054K1,WO,0,0,0,0,0,0,0,0,0
054K2,WO,0,0,0,0,0,0,0,0,0
054L1,WO,0,0,0,0,0,0,0,0,0
054L2,WO,0,0,0,0,0,0,0,0,0
054L3,WO,0,0,0,0,0,0,0,0,0
054M0,WO,0,0,0,0,0,0,0,0,0
054N1,WO,0,0,0,0,0,0,0,0,0
054N2,WO,0,0,0,0,0,0,0,0,0
054N3,WO,0,0,0,0,0,0,0,0,0
054O1,WO,0,0,0,0,0,0,0,0,0
054O2,WO,0,0,0,0,0,0,0,0,0
054O3,WO,0,0,0,0,0,0,0,0,0
054P0,WO,0,0,0,0,0,0,0,0,5
054Q0,WO,0,0,0,0,0,0,0,0,0
054R1,WO,0,0,0,0,0,0,0,0,0
054R2,WO,0,0,0,0,0,0,0,0,0
054R3,WO,0,0,0,0,0,0,0,0,0
054T0,WO,0,0,0,0,0,0,0,0,0
054X0,WO,140,0,0,0,72,0,0,0,0
05431,NG,0,0,0,0,0,0,0,0,0
05441,NG,0,0,0,0,0,0,0,0,0
05442,NG,0,0,0,0,0,0,0,0,0
05443,NG,0,0,0,0,0,0,0,0,0
055A1,WO,0,0,0,0,0,0,0,0,0
055A2,WO,0,0,0,0,0,0,0,0,0
055A3,WO,0,0,0,0,0,0,0,0,0
055B1,WO,200,A,S,S,0,0,0,0,0
055B2,WO,0,0,0,0,0,0,0,0,0
055C1,WO,0,0,0,0,0,0,0,0,0
055C2,WO,0,0,0,0,0,0,0,0,0
05551,NG,0,0,0,0,0,0,0,0,0
05591,NG,0,0,0,0,0,0,0,0,0
057A0,WO,0,0,0,0,0,0,0,0,0
057B1,WO,0,0,0,0,0,0,0,0,0
057B2,WO,0,0,0,0,0,0,0,0,0
057B3,WO,0,0,0,0,0,0,0,0,0
057C0,WO,0,0,0,0,0,0,0,0,0
057D0,WO,0,0,0,0,72,0,0,0,0
057E0,WO,0,0,0,0,0,0,0,0,0
057F1,WO,0,0,0,0,0,0,0,0,0
057F2,WO,0,0,0,0,0,0,0,0,0
057G1,WO,0,0,0,0,0,0,0,0,0
057G2,WO,0,0,0,0,0,0,0,0,0
05711,NG,0,0,0,0,0,0,0,0,0
05751,NG,0,0,0,0,0,0,0,0,0
05752,NG,0,0,0,0,0,0,0,0,0
05753,NG,0,0,0,0,0,0,0,0,0
058A1,WO,0,0,0,0,0,0,0,0,0
058A2,WO,0,0,0,0,0,0,0,0,0
058A3,WO,0,0,0,0,0,0,0,0,0
058A4,WO,0,0,0,0,72,0,0,0,0
058A5,WO,0,0,0,0,0,0,0,0,0
058A6,WO,0,0,0,0,0,0,0,0,0
058B1,WO,0,0,0,0,0,0,0,0,0
058B2,WO,0,0,0,0,0,0,0,0,0
058B3,WO,0,0,0,0,0,0,0,0,0
058C1,WO,0,0,0,0,0,0,0,0,0
058C2,WO,0,0,0,0,0,0,0,0,0
058C3,WO,0,0,0,0,0,0,0,0,0
058C4,WO,0,0,0,0,0,0,0,0,0
058D1,WO,0,0,0,0,0,0,0,0,0
058D2,WO,0,0,0,0,0,0,0,0,0
058D3,WO,0,0,0,0,0,0,0,0,0
058D4,WO,0,0,0,0,0,0,0,0,0
058D5,WO,0,0,0,0,0,0,0,0,0
058E1,WO,0,0,0,0,0,0,0,0,0
058E2,WO,0,0,0,0,0,0,0,0,0
058F1,WO,0,0,0,0,0,0,0,0,0
058F2,WO,0,0,0,0,0,0,0,0,0
058F3,WO,0,0,0,0,0,0,0,0,0
058F4,WO,0,0,0,0,0,0,0,0,0
058G1,WO,0,0,0,0,0,0,0,0,0
058G2,WO,0,0,0,0,0,0,0,0,0
058G3,WO,0,0,0,0,0,0,0,0,0
058H1,WO,0,0,0,0,72,0,0,0,0
058H2,WO,0,0,0,0,0,0,0,0,0
058H3,WO,0,0,0,0,0,0,0,0,0
058H4,WO,0,0,0,0,72,0,0,0,0
058H5,WO,0,0,0,0,0,0,0,0,0
058H6,WO,0,0,0,0,0,0,0,0,0
058I1,WO,0,0,0,0,0,0,0,0,0
058I2,WO,0,0,0,0,0,0,0,0,0
058J0,WO,0,0,0,0,0,0,0,0,0
05831,NG,0,0,0,0,0,0,0,0,0
05832,NG,0,0,0,0,0,0,0,0,0
05833,NG,0,0,0,0,0,0,0,0,0
059A1,WO,0,0,0,0,0,0,0,0,0
059A2,WO,0,0,0,0,0,0,0,0,0
059B1,WO,0,0,0,0,0,0,0,0,0
059B2,WO,0,0,0,0,0,0,0,0,0
059B3,WO,0,0,0,0,0,0,0,0,0
059B4,WO,0,0,0,0,0,0,0,0,0
059C1,WO,0,0,0,0,0,0,0,0,0
059C2,WO,0,0,0,0,0,0,0,0,0
059D1,WO,0,0,0,0,0,0,0,0,0
059D2,WO,0,0,0,0,0,0,0,0,0
059D3,WO,0,0,0,0,0,0,0,0,0
059D4,WO,160,I,S,S,0,0,0,0,0
059E1,WO,160,I,S,S,0,0,0,0,0
059E2,WO,0,0,0,0,0,0,0,0,0
059F0,WO,0,0,0,0,0,0,0,0,0
059G1,WO,0,0,0,0,0,0,0,0,0
059G2,WO,0,0,0,0,0,0,0,0,0
059G3,WO,0,0,0,0,0,0,0,0,0
059H1,WO,0,0,0,0,0,0,0,0,0
059H2,WO,0,0,0,0,0,0,0,0,0
059H3,WO,0,0,0,0,0,0,0,0,0
059H4,WO,0,0,0,0,0,0,0,0,0
059I1,WO,0,0,0,0,0,0,0,0,0
059I2,WO,0,0,0,0,0,0,0,0,0
059I3,WO,0,0,0,0,0,0,0,0,0
059I4,WO,0,0,0,0,0,0,0,0,0
059I5,WO,0,0,0,0,0,0,0,0,0
059J0,WO,0,0,0,0,0,0,0,0,0
059K1,WO,0,0,0,0,0,0,0,0,0
059K2,WO,0,0,0,0,0,0,0,0,0
059K3,WO,0,0,0,0,0,0,0,0,0
059L0,WO,0,0,0,0,0,0,0,0,0
05931,NG,0,0,0,0,0,0,0,0,0
05932,NG,0,0,0,0,0,0,0,0,0
05941,NG,0,0,0,0,0,0,0,0,0
05942,NG,0,0,0,0,0,0,0,0,0
060A0,WO,0,0,0,0,0,0,0,0,0
060B1,WO,0,0,0,0,0,0,0,0,0
060B2,WO,0,0,0,0,0,0,0,0,0
060B3,WO,0,0,0,0,0,0,0,0,0
060C1,WO,0,0,0,0,0,0,0,0,0
060C2,WO,0,0,0,0,0,0,0,0,0
060C3,WO,0,0,0,0,0,0,0,0,0
060C4,WO,0,0,0,0,0,0,0,0,0
060D1,WO,0,0,0,0,0,0,0,0,0
060D2,WO,0,0,0,0,0,0,0,0,0
060D3,WO,0,0,0,0,0,0,0,0,0
060E1,WO,0,A,O,S,0,0,0,0,0
060E2,WO,0,A,O,S,0,0,0,0,0
06031,NG,0,0,0,0,0,0,0,0,0
06081,NG,0,0,0,0,0,0,0,0,0
061A1,WO,0,0,0,0,0,0,0,0,0
061A2,WO,0,0,0,0,0,0,0,0,0
061A3,WO,0,0,0,0,0,0,0,0,0
061S0,WO,0,0,0,0,0,0,0,0,0
062A1,WO,0,0,0,0,0,0,0,0,0
062A2,WO,0,0,0,0,0,0,0,0,0
062A3,WO,0,0,0,0,0,0,0,0,0
062B1,WO,0,0,0,0,0,0,0,0,0
062B2,WO,0,0,0,0,0,0,0,0,0
062C0,WO,0,0,0,0,0,0,0,0,0
062D0,WO,0,0,0,0,0,0,0,0,0
062E1,WO,0,0,0,0,0,0,0,0,0
062E2,WO,0,0,0,0,0,0,0,0,0
062S0,WO,0,0,0,0,0,0,0,0,0
06231,NG,0,0,0,0,0,0,0,0,0
063A0,WO,0,0,0,0,0,0,0,0,0
063B0,WO,0,0,0,0,0,0,0,0,0
063C0,WO,0,0,0,0,0,0,0,0,0
063D1,WO,0,0,0,0,0,0,0,0,0
063D2,WO,0,0,0,0,0,0,0,0,0
063E1,WO,0,0,0,0,0,0,0,0,0
063E2,WO,0,0,0,0,0,0,0,0,0
063F1,WO,0,0,0,0,0,0,0,0,0
063F2,WO,0,0,0,0,0,0,0,0,0
063G1,WO,0,0,0,0,0,0,0,0,0
063G2,WO,0,0,0,0,0,0,0,0,0
063G3,WO,0,0,0,0,0,0,0,0,0
063G4,WO,0,0,0,0,0,0,0,0,0
063T0,WO,0,0,0,0,0,0,0,0,0
06331,NG,0,0,0,0,0,0,0,0,0
06332,NG,0,0,0,0,0,0,0,0,0
06341,NG,0,0,0,0,0,0,0,0,0
06351,NG,0,0,0,0,0,0,0,0,0
064A1,WO,0,0,0,0,0,0,0,0,0
064A2,WO,0,0,0,0,0,0,0,0,0
064A3,WO,0,0,0,0,0,0,0,0,0
064A4,WO,0,0,0,0,0,0,0,0,0
064B1,WO,0,0,0,0,0,0,0,0,0
064B2,WO,0,0,0,0,0,0,0,0,0
064B3,WO,0,0,0,0,0,0,0,0,0
064C1,WO,0,A,O,S,0,0,0,0,0
064C2,WO,0,A,O,S,0,0,0,0,0
064C3,WO,0,A,O,S,0,0,0,0,0
064D1,WO,0,0,0,0,0,0,0,0,0
064D2,WO,0,0,0,0,0,0,0,0,0
064D3,WO,0,0,0,0,0,0,0,0,0
064D4,WO,0,0,0,0,0,0,0,0,0
064D5,WO,0,0,0,0,0,0,0,0,0
064E1,WO,0,0,0,0,0,0,0,0,0
064E2,WO,0,0,0,0,0,0,0,0,0
064E3,WO,0,0,0,0,0,0,0,0,0
064F1,WO,0,0,0,0,0,0,0,0,0
064F2,WO,0,0,0,0,0,0,0,0,0
064G1,WO,0,0,0,0,0,0,0,0,0
064G2,WO,0,0,0,0,0,0,0,0,0
06431,NG,0,0,0,0,0,0,0,0,0
065A1,WO,0,0,0,0,0,0,0,0,0
065A2,WO,0,0,0,0,0,0,0,0,0
065A3,WO,0,0,0,0,0,0,0,0,0
065A4,WO,0,0,0,0,0,0,0,0,0
065A5,WO,0,0,0,0,0,0,0,0,0
065B1,WO,0,0,0,0,0,0,0,0,0
065B2,WO,0,0,0,0,0,0,0,0,0
065B3,WO,0,0,0,0,0,0,0,0,0
065B4,WO,0,0,0,0,0,0,0,0,0
065C1,WO,0,A,O,S,0,0,0,0,0
065C2,WO,0,A,O,S,0,0,0,0,0
065D1,WO,0,0,0,0,72,0,0,0,0
065D2,WO,0,0,0,0,0,0,0,0,0
065E0,WO,0,0,0,0,0,0,0,0,0
065F1,WO,0,0,0,0,0,0,0,0,0
065F2,WO,0,0,0,0,0,0,0,0,0
065F3,WO,0,0,0,0,0,0,0,0,0
065S1,WO,0,0,0,0,0,0,0,0,0
065S2,WO,0,0,0,0,0,0,0,0,0
06531,NG,0,0,0,0,0,0,0,0,0
066A0,WO,0,0,0,0,0,0,0,0,0
06631,NG,0,0,0,0,0,0,0,0,0
06691,NG,0,0,0,0,0,0,0,0,0
067A1,WO,0,0,0,0,0,0,0,0,0
067A2,WO,0,0,0,0,0,0,0,0,0
067B0,WO,0,A,O,S,0,0,0,0,0
067C0,WO,0,0,0,0,0,0,0,0,0
067S0,WO,0,0,0,0,0,0,0,0,0
06731,NG,0,0,0,0,0,0,0,0,0
068A1,WO,0,0,0,0,0,0,0,0,0
068A2,WO,0,0,0,0,0,0,0,0,0
068A3,WO,0,0,0,0,0,0,0,0,0
068B0,WO,140,0,0,0,0,0,0,0,0
068C1,WO,0,0,0,0,0,0,0,0,0
068C2,WO,0,0,0,0,0,0,0,0,0
068C3,WO,0,0,0,0,0,0,0,0,0
068D1,WO,0,0,0,0,0,0,0,0,0
068D2,WO,0,0,0,0,0,0,0,0,0
068D3,WO,0,0,0,0,0,0,0,0,0
068E1,WO,0,0,0,0,0,0,0,0,0
068E2,WO,0,0,0,0,0,0,0,0,0
068F1,WO,0,0,0,0,0,0,0,0,0
068F2,WO,0,0,0,0,0,0,0,0,0
068F3,WO,0,0,0,0,0,0,0,0,0
068F4,WO,0,0,0,0,0,0,0,0,0
068F5,WO,0,0,0,0,0,0,0,0,0
068G0,WO,0,0,0,0,0,0,0,0,0
068J0,WO,0,0,0,0,0,0,0,0,0
06831,NG,0,0,0,0,0,0,0,0,0
06841,NG,0,0,0,0,0,0,0,0,0
06851,NG,0,0,0,0,0,0,0,0,0
06852,NG,0,0,0,0,0,0,0,0,0
06881,NG,0,0,0,0,0,0,0,0,0
06891,NG,0,0,0,0,0,0,0,0,0
069A0,WO,0,0,0,0,0,0,0,0,0
069B0,WO,0,0,0,0,0,0,0,0,0
069C1,WO,0,0,0,0,0,0,0,0,0
069C2,WO,0,0,0,0,0,0,0,0,0
069C3,WO,0,0,0,0,0,0,0,0,0
069C4,WO,0,0,0,0,0,0,0,0,0
069D1,WO,0,0,0,0,0,0,0,0,0
069D2,WO,0,0,0,0,0,0,0,0,0
069E0,WO,0,0,0,0,0,0,0,0,0
069F1,WO,0,0,0,0,0,0,0,0,0
069F2,WO,0,0,0,0,0,0,0,0,0
069F3,WO,0,0,0,0,0,0,0,0,0
069G0,WO,0,0,0,0,0,0,0,0,0
069J0,WO,0,0,0,0,0,0,0,0,0
06931,NG,0,0,0,0,0,0,0,0,0
06932,NG,0,0,0,0,0,0,0,0,0
06951,NG,0,0,0,0,0,0,0,0,0
06952,NG,0,0,0,0,0,0,0,0,0
070A1,WO,0,0,0,0,0,0,0,0,0
070A2,WO,0,0,0,0,0,0,0,0,0
070B1,WO,0,0,0,0,0,0,0,0,0
070B2,WO,0,0,0,0,0,0,0,0,0
070C1,WO,120,0,0,0,0,0,0,0,0
070C2,WO,0,0,0,0,0,0,0,0,0
070D1,WO,0,0,0,0,0,0,0,0,0
070D2,WO,0,0,0,0,0,0,0,0,0
070E1,WO,0,0,0,0,0,0,0,0,0
070E2,WO,0,0,0,0,0,0,0,0,0
070F1,WO,0,0,0,0,0,0,0,0,0
070F2,WO,0,0,0,0,0,0,0,0,0
070G1,WO,0,0,0,0,0,0,0,0,0
070G2,WO,0,0,0,0,0,0,0,0,0
070G3,WO,0,0,0,0,0,0,0,0,0
070H1,WO,0,0,0,0,0,0,0,0,0
070H2,WO,0,0,0,0,0,0,0,0,0
070I0,WO,0,0,0,0,0,0,0,0,0
070J1,WO,0,0,0,0,0,0,0,0,0
070J2,WO,0,0,0,0,0,0,0,0,0
070J3,WO,0,0,0,0,0,0,0,0,0
07031,NG,0,0,0,0,0,0,0,0,0
07041,NG,0,0,0,0,0,0,0,0,0
07081,NG,0,0,0,0,0,0,0,0,0
071A1,WO,0,0,0,0,0,0,0,0,0
071A2,WO,0,0,0,0,0,0,0,0,0
071B1,WO,0,0,0,0,0,0,0,0,0
071B2,WO,0,0,0,0,0,0,0,0,0
071C1,WO,0,0,0,0,0,0,0,0,0
071C2,WO,0,0,0,0,0,0,0,0,0
071C3,WO,0,0,0,0,0,0,0,0,0
071D0,WO,0,0,0,0,0,0,0,0,0
071E0,WO,0,0,0,0,0,0,0,0,0
07131,NG,0,0,0,0,0,0,0,0,0
07181,NG,0,0,0,0,0,0,0,0,0
072A1,WO,0,0,0,0,0,0,0,0,0
072A2,WO,0,0,0,0,0,0,0,0,0
072A3,WO,0,0,0,0,0,0,0,0,0
072A4,WO,0,0,0,0,0,0,0,0,0
072A5,WO,0,0,0,0,0,0,0,0,0
072A6,WO,0,0,0,0,0,0,0,0,0
072B1,WO,0,0,0,0,0,0,0,0,0
072B2,WO,0,0,0,0,0,0,0,0,0
072C1,WO,0,0,0,0,0,0,0,0,0
072C2,WO,0,0,0,0,0,0,0,0,0
072C3,WO,0,0,0,0,0,0,0,0,0
072D0,WO,0,0,0,0,0,0,0,0,0
07231,NG,0,0,0,0,0,0,0,0,0
07241,NG,0,0,0,0,0,0,0,0,0
073A1,WO,0,0,0,0,0,0,0,0,0
073A2,WO,0,0,0,0,0,0,0,0,0
073A3,WO,0,0,0,0,0,0,0,0,0
073A4,WO,0,0,0,0,0,0,0,0,0
073B1,WO,0,0,0,0,0,0,0,0,0
073B2,WO,0,0,0,0,0,0,0,0,0
073C0,WO,0,0,0,0,0,0,0,0,0
07331,NG,0,0,0,0,0,0,0,0,0
074A1,WO,0,0,0,0,0,0,0,0,0
074A2,WO,0,0,0,0,0,0,0,0,0
074B1,WO,0,0,0,0,0,0,0,0,0
074B2,WO,0,0,0,0,0,0,0,0,0
074B3,WO,0,0,0,0,0,0,0,0,0
074B4,WO,0,0,0,0,0,0,0,0,0
074C0,WO,0,0,0,0,0,0,0,0,0
074D0,WO,0,0,0,0,0,0,0,0,0
07431,NG,0,0,0,0,0,0,0,0,0
07451,NG,0,0,0,0,0,0,0,0,0
075A0,WO,0,0,0,0,0,0,0,0,0
075B1,WO,0,0,0,0,0,0,0,0,0
075B2,WO,0,0,0,0,0,0,0,0,0
075B3,WO,0,0,0,0,0,0,0,0,0
075B4,WO,0,0,0,0,0,0,0,0,0
075C1,WO,0,0,0,0,0,0,0,0,0
075C2,WO,0,0,0,0,0,0,0,0,0
075C3,WO,0,0,0,0,0,0,0,0,0
075C4,WO,0,0,0,0,0,0,0,0,0
075D1,WO,0,0,0,0,0,0,0,0,0
075D2,WO,0,0,0,0,0,0,0,0,0
075E1,WO,0,0,0,0,0,0,0,0,0
075E2,WO,0,0,0,0,0,0,0,0,0
075E3,WO,0,0,0,0,0,0,0,0,0
075E4,WO,0,0,0,0,0,0,0,0,0
075E5,WO,0,0,0,0,0,0,0,0,0
075F0,WO,0,0,0,0,0,0,0,0,0
07531,NG,0,0,0,0,0,0,0,0,0
076A0,WO,0,0,0,0,0,0,0,0,0
076B0,WO,0,0,0,0,0,0,0,0,0
076C0,WO,0,0,0,0,0,0,0,0,0
07631,NG,0,0,0,0,0,0,0,0,0
07641,NG,0,0,0,0,0,0,0,0,0
077A1,WO,0,0,0,0,0,0,0,0,0
077A2,WO,140,0,0,0,0,0,0,0,0
077A3,WO,140,0,0,0,0,0,0,0,0
077A4,WO,140,0,0,0,0,0,0,0,0
077A5,WO,0,0,0,0,0,0,0,0,0
077B1,WO,0,0,0,0,0,0,0,0,0
077B2,WO,0,0,0,0,0,0,0,0,0
077B3,WO,0,0,0,0,0,0,0,0,0
077B4,WO,0,0,0,0,0,0,0,0,0
077C1,WO,0,0,0,0,0,0,0,0,0
077C2,WO,0,0,0,0,0,0,0,0,0
077C3,WO,0,0,0,0,0,0,0,0,0
077D1,WO,0,0,0,0,0,0,0,0,0
077D2,WO,0,0,0,0,0,0,0,0,0
077E1,WO,0,0,0,0,0,0,0,0,0
077E2,WO,0,0,0,0,0,0,0,0,0
077F0,WO,0,0,0,0,0,0,0,0,0
07731,NG,0,0,0,0,0,0,0,0,0
07732,NG,0,0,0,0,0,0,0,0,0
078A1,WO,0,0,0,0,0,0,0,0,0
078A2,WO,0,0,0,0,0,0,0,0,0
078B1,WO,160,A,S,S,0,0,0,0,0
078B2,WO,0,0,0,0,0,0,0,0,0
078B3,WO,0,0,0,0,0,0,0,0,0
078B4,WO,0,0,0,0,0,0,0,0,0
078B5,WO,0,0,0,0,0,0,0,0,0
078C1,WO,120,0,0,0,0,0,0,0,0
078C2,WO,0,0,0,0,0,0,0,0,0
078C3,WO,0,0,0,0,0,0,0,0,0
078D0,WO,0,0,0,0,0,0,0,0,0
07831,NG,0,0,0,0,0,0,0,0,0
07881,NG,0,0,0,0,0,0,0,0,0
079A1,WO,0,0,0,0,0,0,0,0,0
079A2,WO,0,0,0,0,0,0,0,0,0
079A3,WO,0,0,0,0,0,0,0,0,0
079B1,WO,0,0,0,0,0,0,0,0,0
079B2,WO,0,0,0,0,0,0,0,0,0
079B3,WO,0,0,0,0,0,0,0,0,0
079C0,WO,140,0,0,0,72,0,0,0,0
079D0,WO,0,0,0,0,0,0,0,0,0
079E0,WO,0,0,0,0,0,0,0,0,0
080A1,WO,0,0,0,0,0,0,0,0,0
080A2,WO,0,0,0,0,0,0,0,0,0
080A3,WO,0,0,0,0,0,0,0,0,0
080A4,WO,0,0,0,0,0,0,0,0,0
080B1,WO,0,0,0,0,0,0,0,0,0
080B2,WO,0,0,0,0,0,0,0,0,0
080B3,WO,0,0,0,0,0,0,0,0,0
080B4,WO,0,0,0,0,0,0,0,0,0
080B5,WO,0,0,0,0,0,0,0,0,0
080C1,WO,0,0,0,0,0,0,0,0,0
080C2,WO,0,0,0,0,0,0,0,0,0
080D1,WO,0,0,0,0,0,0,0,0,0
080D2,WO,0,0,0,0,0,0,0,0,0
080D3,WO,0,0,0,0,0,0,0,0,0
080E1,WO,0,0,0,0,0,0,0,0,0
080E2,WO,0,0,0,0,0,0,0,0,0
080F1,WO,0,0,0,0,0,0,0,0,0
080F2,WO,0,0,0,0,0,0,0,0,0
08031,NG,0,0,0,0,0,0,0,0,0
08032,NG,0,0,0,0,0,0,0,0,0
081A1,WO,0,0,0,0,0,0,0,0,0
081A2,WO,0,0,0,0,0,0,0,0,0
081B1,WO,0,0,0,0,0,0,0,0,0
081B2,WO,0,0,0,0,0,0,0,0,0
081C0,WO,0,0,0,0,0,0,0,0,0
081D0,WO,0,0,0,0,0,0,0,0,0
081E0,WO,0,0,0,0,0,0,0,0,0
081F0,WO,0,0,0,0,0,0,0,0,0
081T0,WO,0,0,0,0,0,0,0,0,0
08131,NG,0,0,0,0,0,0,0,0,0
08132,NG,0,0,0,0,0,0,0,0,0
08141,NG,0,0,0,0,0,0,0,0,0
08142,NG,0,0,0,0,0,0,0,0,0
082A1,WO,0,0,0,0,0,0,0,0,0
082A2,WO,0,0,0,0,0,0,0,0,0
08231,NG,0,0,0,0,0,0,0,0,0
083A1,WO,0,0,0,0,0,0,0,0,0
083A2,WO,0,0,0,0,0,0,0,0,0
083A3,WO,0,0,0,0,0,0,0,0,0
083B1,WO,0,0,0,0,0,0,0,0,0
083B2,WO,0,0,0,0,0,0,0,0,0
083B3,WO,0,0,0,0,0,0,0,0,0
083C0,WO,0,0,0,0,0,0,0,0,0
083D1,WO,0,0,0,0,0,0,0,0,0
083D2,WO,0,0,0,0,0,0,0,0,0
083D3,WO,0,0,0,0,0,0,0,0,0
083D4,WO,0,0,0,0,0,0,0,0,0
08331,NG,0,0,0,0,0,0,0,0,0
08332,NG,0,0,0,0,0,0,0,0,0
08333,NG,0,0,0,0,0,0,0,0,0
084A1,WO,0,0,0,0,0,0,0,0,0
084A2,WO,0,0,0,0,0,0,0,0,0
084A3,WO,0,0,0,0,0,0,0,0,0
084B1,WO,0,0,0,0,0,0,0,0,0
084B2,WO,0,0,0,0,0,0,0,0,0
084B3,WO,0,0,0,0,0,0,0,0,0
084B4,WO,0,0,0,0,0,0,0,0,0
084C1,WO,0,0,0,0,0,0,0,0,0
084C2,WO,0,0,0,0,0,0,0,0,0
084D0,WO,0,0,0,0,0,0,0,0,0
084E1,WO,0,0,0,0,0,0,0,0,0
084E2,WO,0,0,0,0,0,0,0,0,0
084E3,WO,0,0,0,0,0,0,0,0,0
084F1,WO,0,0,0,0,0,0,0,0,0
084F2,WO,0,0,0,0,0,0,0,0,0
08431,NG,0,0,0,0,0,0,0,0,0
08432,NG,0,0,0,0,0,0,0,0,0
08433,NG,0,0,0,0,0,0,0,0,0
085A0,WO,0,0,0,0,0,0,0,0,0
085B1,WO,0,0,0,0,0,0,0,0,0
085B2,WO,0,0,0,0,0,0,0,0,0
085C0,WO,0,0,0,0,0,0,0,0,0
085D1,WO,0,0,0,0,0,0,0,0,0
085D2,WO,0,0,0,0,0,0,0,0,0
085E0,WO,0,0,0,0,0,0,0,0,0
085F1,WO,0,0,0,0,0,0,0,0,0
085F2,WO,0,0,0,0,0,0,0,0,0
085F3,WO,0,0,0,0,0,0,0,0,0
085F4,WO,0,0,0,0,0,0,0,0,0
08531,NG,0,0,0,0,0,0,0,0,0
08532,NG,0,0,0,0,0,0,0,0,0
08533,NG,0,0,0,0,0,0,0,0,0
08534,NG,0,0,0,0,0,0,0,0,0
08541,NG,0,0,0,0,0,0,0,0,0
086A1,WO,200,A,S,S,12,0,0,0,0
086A2,WO,0,0,0,0,0,0,0,0,0
086B1,WO,0,0,0,0,0,0,0,0,0
086B2,WO,0,0,0,0,0,0,0,0,0
086B3,WO,0,0,0,0,0,0,0,0,0
086C1,WO,0,0,0,0,0,0,0,0,0
086C2,WO,0,0,0,0,0,0,0,0,0
08631,NG,0,0,0,0,0,0,0,0,0
08632,NG,0,0,0,0,0,0,0,0,0
087A1,WO,200,A,S,S,0,0,0,0,0
087A2,WO,0,0,0,0,0,0,0,0,0
087B1,WO,0,0,0,0,0,0,0,0,0
087B2,WO,0,0,0,0,0,0,0,0,0
087B3,WO,0,0,0,0,0,0,0,0,0
087C1,WO,0,0,0,0,0,0,0,0,0
087C2,WO,0,0,0,0,0,0,0,0,0
087C3,WO,0,0,0,0,0,0,0,0,0
087D1,WO,0,0,0,0,0,0,0,0,0
087D2,WO,0,0,0,0,0,0,0,0,0
087E0,WO,0,0,0,0,0,0,0,0,0
087F0,WO,0,0,0,0,04,0,0,0,0
08731,NG,0,0,0,0,0,0,0,0,0
08732,NG,0,0,0,0,0,0,0,0,0
08733,NG,0,0,0,0,0,0,0,0,0
088A1,WO,0,0,0,0,0,0,0,0,0
088A2,WO,0,0,0,0,0,0,0,0,0
088A3,WO,0,0,0,0,0,0,0,0,0
088B1,WO,0,0,0,0,0,0,0,0,0
088B2,WO,0,0,0,0,0,0,0,0,0
088B3,WO,0,0,0,0,04,0,0,0,0
088C1,WO,0,0,0,0,0,0,0,0,0
088C2,WO,0,0,0,0,0,0,0,0,0
088C3,WO,0,0,0,0,0,0,0,0,0
08831,NG,0,0,0,0,0,0,0,0,0
08832,NG,0,0,0,0,0,0,0,0,0
089A1,WO,0,0,0,0,0,0,0,0,0
089A2,WO,0,0,0,0,0,0,0,0,0
089A3,WO,0,0,0,0,0,0,0,0,0
089B1,WO,0,0,0,0,0,0,0,0,0
089B2,WO,0,0,0,0,0,0,0,0,0
089B3,WO,0,0,0,0,0,0,0,0,0
089C1,WO,0,0,0,0,0,0,0,0,0
089C2,WO,0,0,0,0,0,0,0,0,0
089C3,WO,0,0,0,0,0,0,0,0,0
089C4,WO,0,0,0,0,0,0,0,0,0
089D0,WO,0,0,0,0,0,0,0,0,0
089E0,WO,0,0,0,0,0,0,0,0,0
089F0,WO,0,0,0,0,0,0,0,0,0
08931,NG,0,0,0,0,0,0,0,0,0
08932,NG,0,0,0,0,0,0,0,0,0
08941,NG,0,0,0,0,0,0,0,0,0
090A1,WO,0,0,0,0,0,0,0,0,0
090A2,WO,0,0,0,0,0,0,0,0,0
090B1,WO,0,0,0,0,0,0,0,0,0
090B2,WO,0,0,0,0,0,0,0,0,0
090B3,WO,0,0,0,0,0,0,0,0,0
090B4,WO,0,0,0,0,0,0,0,0,0
090B5,WO,0,0,0,0,0,0,0,0,0
090C1,WO,0,0,0,0,0,0,0,0,0
090C2,WO,0,0,0,0,0,0,0,0,0
090D0,WO,0,0,0,0,0,0,0,0,0
090E0,WO,0,0,0,0,0,0,0,0,0
090F1,WO,120,0,0,0,0,0,0,0,0
090F2,WO,0,0,0,0,0,0,0,0,0
090G0,WO,0,0,0,0,0,0,0,0,0
090H0,WO,0,0,0,0,0,0,0,0,0
090I1,WO,0,0,0,0,0,0,0,0,0
090I2,WO,0,0,0,0,0,0,0,0,0
090I3,WO,0,0,0,0,0,0,0,0,0
090J0,WO,0,0,0,0,0,0,0,0,0
09031,NG,0,0,0,0,0,0,0,0,0
09032,NG,0,0,0,0,0,0,0,0,0
09033,NG,0,0,0,0,0,0,0,0,0
09081,NG,0,0,0,0,0,0,0,0,0
091A1,WO,0,0,0,0,0,0,0,0,0
091A2,WO,0,0,0,0,0,0,0,0,0
091A3,WO,0,0,0,0,0,0,0,0,0
091B1,WO,0,0,0,0,0,0,0,0,0
091B2,WO,0,0,0,0,0,0,0,0,0
091B3,WO,0,0,0,0,0,0,0,0,0
091B4,WO,0,0,0,0,0,0,0,0,0
091B5,WO,0,0,0,0,0,0,0,0,0
091C1,WO,0,0,0,0,0,0,0,0,0
091C2,WO,0,0,0,0,0,0,0,0,0
091C3,WO,0,0,0,0,0,0,0,0,0
091C4,WO,0,0,0,0,0,0,0,0,0
091D0,WO,0,0,0,0,0,0,0,0,0
091E1,WO,120,0,0,0,0,0,0,0,0
091E2,WO,0,0,0,0,0,0,0,0,0
091F0,WO,120,0,0,0,0,0,0,0,0
09141,NG,0,0,0,0,0,0,0,0,0
092A1,WO,0,0,0,0,0,0,0,0,0
092A2,WO,0,0,0,0,0,0,0,0,0
092B0,WO,0,0,0,0,0,0,0,0,0
092C0,WO,0,0,0,0,0,0,0,0,0
092D0,WO,0,0,0,0,0,0,0,0,0
092E0,WO,0,0,0,0,0,0,0,0,0
092T0,WO,0,0,0,0,0,0,0,0,0
09231,NG,0,0,0,0,0,0,0,0,0
09241,NG,0,0,0,0,0,0,0,0,0
093A1,WO,0,0,0,0,0,0,0,0,0
093A2,WO,0,0,0,0,0,0,0,0,0
093A3,WO,0,0,0,0,0,0,0,0,0
093A4,WO,0,0,0,0,0,0,0,0,0
093B1,WO,0,0,0,0,0,0,0,0,0
093B2,WO,0,0,0,0,0,0,0,0,0
093B3,WO,0,0,0,0,0,0,0,0,0
093B4,WO,0,0,0,0,0,0,0,0,0
093C1,WO,0,0,0,0,0,0,0,0,0
093C2,WO,0,0,0,0,0,0,0,0,0
093C3,WO,0,0,0,0,0,0,0,0,0
093D1,WO,0,0,0,0,0,0,0,0,0
093D2,WO,0,0,0,0,0,0,0,0,0
093E1,WO,0,0,0,0,0,0,0,0,0
093E2,WO,0,0,0,0,0,0,0,0,0
093E3,WO,0,0,0,0,0,0,0,0,0
093E4,WO,0,0,0,0,0,0,0,0,0
093F0,WO,200,A,S,S,0,0,0,0,0
094A1,WO,0,0,0,0,0,0,0,0,0
094A2,WO,0,0,0,0,0,0,0,0,0
094A3,WO,0,0,0,0,0,0,0,0,0
094A4,WO,0,0,0,0,0,0,0,0,0
094A5,WO,0,0,0,0,0,0,0,0,0
094B1,WO,0,0,0,0,0,0,0,0,0
094B2,WO,0,0,0,0,0,0,0,0,0
094B3,WO,0,0,0,0,0,0,0,0,0
094C1,WO,0,0,0,0,0,0,0,0,0
094C2,WO,0,0,0,0,0,0,0,0,0
094C3,WO,0,0,0,0,0,0,0,0,0
094D1,WO,0,0,0,0,0,0,0,0,0
094D2,WO,0,0,0,0,0,0,0,0,0
094D3,WO,0,0,0,0,0,0,0,0,0
094E1,WO,0,0,0,0,0,0,0,0,0
094E2,WO,0,0,0,0,0,0,0,0,0
094T0,WO,0,0,0,0,0,0,0,0,0
09431,NG,0,0,0,0,0,0,0,0,0
09432,NG,0,0,0,0,0,0,0,0,0
09441,NG,0,0,0,0,0,0,0,0,0
09471,NG,0,0,0,0,0,0,0,0,0
095A1,WO,0,0,0,0,0,0,0,0,0
095A2,WO,0,0,0,0,0,0,0,0,0
095A3,WO,0,0,0,0,0,0,0,0,0
095B1,WO,0,0,0,0,0,0,0,0,0
095B2,WO,0,0,0,0,0,0,0,0,0
095B3,WO,0,0,0,0,0,0,0,0,0
095C1,WO,0,0,0,0,0,0,0,0,0
095C2,WO,0,0,0,0,0,0,0,0,0
095C3,WO,0,0,0,0,0,0,0,0,0
095C4,WO,0,0,0,0,0,0,0,0,0
095C5,WO,0,0,0,0,0,0,0,0,0
095C6,WO,0,0,0,0,0,0,0,0,0
095D1,WO,0,0,0,0,0,0,0,0,0
095D2,WO,0,0,0,0,0,0,0,0,0
095D3,WO,0,0,0,0,0,0,0,0,0
095D4,WO,0,0,0,0,0,0,0,0,0
09531,NG,0,0,0,0,0,0,0,0,0
096A1,WO,0,0,0,0,0,0,0,0,0
096A2,WO,0,0,0,0,0,0,0,0,0
096A3,WO,0,0,0,0,0,0,0,0,0
096A4,WO,0,0,0,0,0,0,0,0,0
096A5,WO,0,0,0,0,0,0,0,0,0
096A6,WO,0,0,0,0,0,0,0,0,0
096B1,WO,0,0,0,0,0,0,0,0,0
096B2,WO,0,0,0,0,0,0,0,0,0
096B3,WO,0,0,0,0,0,0,0,0,0
096B4,WO,0,0,0,0,0,0,0,0,0
096C1,WO,0,0,0,0,0,0,0,0,0
096C2,WO,0,0,0,0,0,0,0,0,0
096C3,WO,0,0,0,0,0,0,0,0,0
096C4,WO,0,0,0,0,0,0,0,0,0
096C5,WO,0,0,0,0,0,0,0,0,0
096C6,WO,0,0,0,0,0,0,0,0,0
096D1,WO,0,0,0,0,0,0,0,0,0
096D2,WO,0,0,0,0,0,0,0,0,0
096E1,WO,0,0,0,0,0,0,0,0,0
096E2,WO,0,0,0,0,0,0,0,0,0
096E3,WO,0,0,0,0,0,0,0,0,0
096F1,WO,0,0,0,0,0,0,0,0,0
096F2,WO,0,0,0,0,0,0,0,0,0
096F3,WO,0,0,0,0,0,0,0,0,0
096G0,WO,0,0,0,0,0,0,0,0,0
09631,NG,0,0,0,0,0,0,0,0,0
09641,NG,0,0,0,0,0,0,0,0,0
097A1,WO,0,0,0,0,0,0,0,0,0
097A2,WO,0,0,0,0,0,0,0,0,0
097A3,WO,0,0,0,0,0,0,0,0,0
097A4,WO,0,0,0,0,0,0,0,0,0
097B1,WO,0,0,0,0,72,0,0,0,0
097B2,WO,0,0,0,0,0,0,0,0,0
097B3,WO,0,0,0,0,0,0,0,0,0
097C1,WO,0,0,0,0,0,0,0,0,0
097C2,WO,0,0,0,0,0,0,0,0,0
098A1,WO,0,0,0,0,0,0,0,0,0
098A2,WO,0,0,0,0,0,0,0,0,0
098A3,WO,0,0,0,0,0,0,0,0,0
098A4,WO,0,0,0,0,0,0,0,0,0
098A5,WO,0,0,0,0,0,0,0,0,0
098B1,WO,0,0,0,0,0,0,0,0,0
098B2,WO,0,0,0,0,0,0,0,0,0
098B3,WO,0,0,0,0,0,0,0,0,0
098B4,WO,0,0,0,0,0,0,0,0,0
098C1,WO,0,0,0,0,0,0,0,0,0
098C2,WO,0,0,0,0,0,0,0,0,0
098C3,WO,0,0,0,0,0,0,0,0,0
098C4,WO,0,0,0,0,0,0,0,0,0
098D1,WO,140,0,0,0,0,0,0,0,0
098D2,WO,0,0,0,0,0,0,0,0,0
098D3,WO,0,0,0,0,0,0,0,0,0
098D4,WO,0,0,0,0,0,0,0,0,0
098D5,WO,0,0,0,0,0,0,0,0,0
098E1,WO,0,0,0,0,0,0,0,0,0
098E2,WO,0,0,0,0,0,0,0,0,0
098E3,WO,0,0,0,0,0,0,0,0,0
098E4,WO,0,0,0,0,0,0,0,0,0
098E5,WO,0,0,0,0,0,0,0,0,0
098F1,WO,0,0,0,0,0,0,0,0,0
098F2,WO,0,0,0,0,0,0,0,0,0
098F3,WO,0,0,0,0,0,0,0,0,0
098F4,WO,0,0,0,0,0,0,0,0,0
098G1,WO,0,0,0,0,0,0,0,0,0
098G2,WO,0,0,0,0,0,0,0,0,0
098H1,WO,0,0,0,0,0,0,0,0,0
098H2,WO,0,0,0,0,0,0,0,0,0
098H3,WO,0,0,0,0,0,0,0,0,0
09831,NG,0,0,0,0,0,0,0,0,0
09841,NG,0,0,0,0,0,0,0,0,0
09871,NG,0,0,0,0,0,0,0,0,0
099A0,WO,0,0,0,0,0,0,0,0,0
09951,NG,0,0,0,0,0,0,0,0,0
09952,NG,0,0,0,0,0,0,0,0,0
09991,NG,0,0,0,0,0,0,0,0,0
09992,NG,0,0,0,0,0,0,0,0,0
09993,NG,0,0,0,0,0,0,0,0,0
09994,NG,0,0,0,0,0,0,0,0,0
09995,NG,0,0,0,0,0,0,0,0,0
09996,NG,0,0,0,0,0,0,0,0,0
09997,NG,0,0,0,0,0,0,0,0,0
09998,NG,0,0,0,0,0,0,0,0,0
09999,NG,0,0,0,0,0,0,0,0,0
099910,NG,0,0,0,0,0,0,0,0,0
099911,NG,0,0,0,0,0,0,0,0,0
100A1,WO,0,0,0,0,0,0,0,0,0
100A2,WO,0,0,0,0,0,0,0,0,0
100A3,WO,0,0,0,0,0,0,0,0,0
100B1,WO,0,0,0,0,0,0,0,0,0
100B2,WO,0,0,0,0,0,0,0,0,0
100B3,WO,0,0,0,0,0,0,0,0,0
100B4,WO,0,0,0,0,0,0,0,0,0
100C1,WO,0,0,0,0,0,0,0,0,0
100C2,WO,0,0,0,0,0,0,0,0,0
100D1,WO,0,0,0,0,0,0,0,0,0
100D2,WO,0,0,0,0,0,0,0,0,0
100D3,WO,0,0,0,0,0,0,0,0,0
100D4,WO,0,0,0,0,0,0,0,0,0
100D5,WO,0,0,0,0,0,0,0,0,0
100E1,WO,0,0,0,0,0,0,0,0,0
100E2,WO,0,0,0,0,0,0,0,0,0
100E3,WO,0,0,0,0,0,0,0,0,0
100E4,WO,0,0,0,0,0,0,0,0,0
100E5,WO,0,0,0,0,0,0,0,0,0
100F1,WO,0,0,0,0,0,0,0,0,0
100F2,WO,0,0,0,0,0,0,0,0,0
10031,NG,0,0,0,0,0,0,0,0,0
10071,NG,0,0,0,0,0,0,0,0,0
101A1,WO,0,0,0,0,0,0,0,0,0
101A2,WO,0,0,0,0,0,0,0,0,0
101A3,WO,0,0,0,0,0,0,0,0,0
101A4,WO,0,0,0,0,0,0,0,0,0
101A5,WO,0,0,0,0,0,0,0,0,0
101A6,WO,0,0,0,0,0,0,0,0,0
101B0,WO,0,0,0,0,0,0,0,0,0
101C1,WO,140,I,W,0,0,0,0,0,0
101C2,WO,0,0,0,0,0,0,0,0,0
101D0,WO,0,0,0,0,0,0,0,0,0
101E0,WO,0,0,0,0,0,0,0,0,0
101F0,WO,0,0,0,0,0,0,0,0,0
101G1,WO,0,0,0,0,0,0,0,0,0
101G2,WO,0,0,0,0,0,0,0,0,0
101G3,WO,0,0,0,0,0,0,0,0,0
101H1,WO,0,0,0,0,0,0,0,0,0
101H2,WO,0,0,0,0,0,0,0,0,0
101I0,WO,0,0,0,0,0,0,0,0,0
101J0,WO,0,I,S,S,0,0,0,0,0
101K0,WO,0,0,0,0,0,0,0,0,0
101L1,WO,0,0,0,0,0,0,0,0,0
101L2,WO,0,0,0,0,0,0,0,0,0
10131,NG,0,0,0,0,0,0,0,0,0
10132,NG,0,0,0,0,0,0,0,0,0
102A1,WO,0,0,0,0,0,0,0,0,0
102A2,WO,0,0,0,0,0,0,0,0,0
102B1,WO,0,0,0,0,0,0,0,0,0
102B2,WO,0,0,0,0,0,0,0,0,0
102C0,WO,0,0,0,0,0,0,0,0,0
102D0,WO,0,0,0,0,0,0,0,0,0
102E0,WO,0,0,0,0,0,0,0,0,0
102F0,WO,0,0,0,0,0,0,0,0,0
102G0,WO,0,0,0,0,0,0,0,0,0
10231,NG,0,0,0,0,0,0,0,0,0
103A1,WO,0,0,0,0,0,0,0,0,0
103A2,WO,0,0,0,0,0,0,0,0,0
103B1,WO,0,0,0,0,0,0,0,0,0
103B2,WO,0,0,0,0,0,0,0,0,0
103C0,WO,0,0,0,0,0,0,0,0,0
103D1,WO,0,0,0,0,0,0,0,0,0
103D2,WO,0,0,0,0,0,0,0,0,0
103D3,WO,0,0,0,0,0,0,0,0,0
103E1,WO,0,0,0,0,0,0,0,0,0
103E2,WO,0,0,0,0,0,0,0,0,0
103F0,WO,0,0,0,0,0,0,0,0,0
103G1,WO,0,0,0,0,0,0,0,0,0
103G2,WO,0,0,0,0,0,0,0,0,0
103G3,WO,0,0,0,0,0,0,0,0,0
10331,NG,0,0,0,0,0,0,0,0,0
10332,NG,0,0,0,0,0,0,0,0,0
10341,NG,0,0,0,0,0,0,0,0,0
10381,NG,0,0,0,0,0,0,0,0,0
10382,NG,0,0,0,0,0,0,0,0,0
104A0,WO,0,0,0,0,0,0,0,0,0
104B0,WO,0,0,0,0,0,0,0,0,0
104C0,WO,0,0,0,0,0,0,0,0,0
104D0,WO,0,0,0,0,0,0,0,0,0
104E0,WO,0,0,0,0,0,0,0,0,0
104F0,WO,0,0,0,0,0,0,0,0,0
104G0,WO,0,0,0,0,0,0,0,0,0
10431,NG,0,0,0,0,0,0,0,0,0
10432,NG,0,0,0,0,0,0,0,0,0
10441,NG,0,0,0,0,0,0,0,0,0
105A1,WO,0,0,0,0,0,0,0,0,0
105A2,WO,0,0,0,0,0,0,0,0,0
105A3,WO,140,A,W,0,0,0,0,0,0
105B1,WO,0,0,0,0,0,0,0,0,0
105B2,WO,0,0,0,0,0,0,0,0,0
105C1,WO,0,0,0,0,0,0,0,0,0
105C2,WO,160,I,S,S,61,0,0,0,0
105C3,WO,0,0,0,0,0,0,0,0,0
105D0,WO,0,0,0,0,72,0,0,0,0
105E1,WO,0,0,0,0,0,0,0,0,0
105E2,WO,0,0,0,0,0,0,0,0,0
105E3,WO,0,0,0,0,0,0,0,0,0
105F1,WO,0,0,0,0,0,0,0,0,0
105F2,WO,0,0,0,0,0,0,0,0,0
105F3,WO,0,0,0,0,0,0,0,0,0
105G1,WO,0,0,0,0,0,0,0,0,0
105G2,WO,0,0,0,0,0,0,0,0,0
105H0,WO,0,0,0,0,0,0,0,0,0
105I1,WO,0,0,0,0,0,0,0,0,0
105I2,WO,0,0,0,0,0,0,0,0,0
105I3,WO,0,0,0,0,0,0,0,0,0
105J0,WO,0,0,0,0,0,0,0,0,0
105K0,WO,0,0,0,0,0,0,0,0,0
105L0,WO,0,0,0,0,0,0,0,0,0
105M0,WO,0,0,0,0,0,0,0,0,0
10531,NG,0,0,0,0,0,0,0,0,0
10532,NG,0,0,0,0,0,0,0,0,0
10581,NG,0,0,0,0,0,0,0,0,0
106A0,WO,0,0,0,0,0,0,0,0,0
106B0,WO,0,A,O,S,0,0,0,0,0
106C0,WO,0,0,0,0,0,0,0,0,0
106D0,WO,0,I,O,S,0,0,0,0,0
106E0,WO,0,I,O,S,0,0,0,0,0
106F0,WO,0,0,0,0,0,0,0,0,0
106G0,WO,0,0,0,0,0,0,0,0,0
106H0,WO,0,I,S,S,0,0,0,0,0
106I0,WO,0,0,0,0,0,0,0,0,0
106J0,WO,200,A,S,S,0,0,0,0,0
106K0,WO,0,0,0,0,0,0,0,0,0
10681,NG,0,0,0,0,0,0,0,0,0
10682,NG,0,0,0,0,0,0,0,0,0
10683,NG,0,0,0,0,0,0,0,0,0
10684,NG,0,0,0,0,0,0,0,0,0
107A1,WO,160,I,S,S,0,0,0,0,0
107A2,WO,0,0,0,0,0,0,0,0,0
107B1,WO,0,0,0,0,0,0,0,0,0
107B2,WO,0,0,0,0,0,0,0,0,0
107B3,WO,0,0,0,0,0,0,0,0,0
107C1,WO,160,I,S,S,0,0,0,0,0
107C2,WO,0,0,0,0,0,0,0,0,0
107D1,WO,140,I,W,0,0,0,0,0,0
107D2,WO,0,0,0,0,0,0,0,0,0
107D3,WO,0,0,0,0,0,0,0,0,0
107E0,WO,0,0,0,0,0,0,0,0,0
107F0,WO,140,I,W,0,0,0,0,0,0
107G0,WO,0,0,0,0,0,0,0,0,0
107H0,WO,0,0,0,0,0,0,0,0,0
107I1,WO,0,0,0,0,0,0,0,0,0
107I2,WO,0,0,0,0,0,0,0,0,0
107J0,WO,200,A,S,S,0,0,0,0,0
107K1,WO,0,0,0,0,0,0,0,0,0
107K2,WO,0,0,0,0,0,0,0,0,0
10731,NG,0,0,0,0,0,0,0,0,0
10781,NG,0,0,0,0,0,0,0,0,0
10782,NG,0,0,0,0,0,0,0,0,0
10783,NG,0,0,0,0,0,0,0,0,0
108A1,WO,0,0,0,0,0,0,0,0,0
108A2,WO,0,0,0,0,0,0,0,0,0
108A3,WO,0,0,0,0,0,0,0,0,0
108B0,WO,0,0,0,0,0,0,0,0,0
108C1,WO,0,0,0,0,0,0,0,0,0
108C2,WO,0,0,0,0,0,0,0,0,0
108D0,WO,0,0,0,0,0,0,0,0,0
108E0,WO,0,0,0,0,0,0,0,0,0
108F0,WO,0,0,0,0,0,0,0,0,0
108G1,WO,0,0,0,0,0,0,0,0,0
108G2,WO,0,0,0,0,0,0,0,0,0
108H1,WO,0,0,0,0,0,0,0,0,0
108H2,WO,0,0,0,0,0,0,0,0,0
108I0,WO,0,0,0,0,0,0,0,0,0
108J1,WO,0,0,0,0,0,0,0,0,0
108J2,WO,0,0,0,0,0,0,0,0,0
108J3,WO,0,0,0,0,0,0,0,0,0
108J4,WO,0,0,0,0,0,0,0,0,0
108K1,WO,0,0,0,0,0,0,0,0,0
108K2,WO,0,0,0,0,0,0,0,0,0
108K3,WO,0,0,0,0,0,0,0,0,0
108K4,WO,0,0,0,0,0,0,0,0,0
108K5,WO,0,0,0,0,0,0,0,0,0
108L0,WO,140,I,W,0,0,0,0,0,0
108M1,WO,0,0,0,0,0,0,0,0,0
108M2,WO,0,0,0,0,0,0,0,0,0
108N0,WO,0,0,0,0,0,0,0,0,0
108O0,WO,0,0,0,0,0,0,0,0,0
108P0,WO,120,0,0,0,0,0,0,0,0
108Q0,WO,0,0,0,0,0,0,0,0,0
108R0,WO,0,0,0,0,0,0,0,0,0
10831,NG,0,0,0,0,0,0,0,0,0
10832,NG,0,0,0,0,0,0,0,0,0
10833,NG,0,0,0,0,0,0,0,0,0
10841,NG,0,0,0,0,0,0,0,0,0
10851,NG,0,0,0,0,0,0,0,0,0
10881,NG,0,0,0,0,0,0,0,0,0
10882,NG,0,0,0,0,0,0,0,0,0
109A1,WO,0,0,0,0,0,0,0,0,0
109A2,WO,0,0,0,0,0,0,0,0,0
109A3,WO,0,0,0,0,0,0,0,0,0
109B1,WO,0,0,0,0,0,0,0,0,0
109B2,WO,0,0,0,0,0,0,0,0,0
109C1,WO,0,0,0,0,0,0,0,0,0
109C2,WO,0,0,0,0,0,0,0,0,0
109C3,WO,0,0,0,0,0,0,0,0,0
109C4,WO,0,0,0,0,0,0,0,0,0
109D0,WO,0,0,0,0,0,0,0,0,0
109E1,WO,0,0,0,0,0,0,0,0,0
109E2,WO,0,0,0,0,0,0,0,0,0
109F1,WO,0,0,0,0,0,0,0,0,0
109F2,WO,0,0,0,0,0,0,0,0,0
109F3,WO,0,0,0,0,0,0,0,0,0
109F4,WO,0,0,0,0,0,0,0,0,0
109F5,WO,0,0,0,0,0,0,0,0,0
109G1,WO,0,0,0,0,0,0,0,0,0
109G2,WO,0,0,0,0,0,0,0,0,0
109H1,WO,0,0,0,0,0,0,0,0,0
109H2,WO,0,0,0,0,72,0,0,0,0
109H3,WO,0,0,0,0,0,0,0,0,0
109I0,WO,200,A,S,S,0,0,0,0,0
109J0,WO,0,0,0,0,0,0,0,0,0
109K1,WO,0,0,0,0,0,0,0,0,0
109K2,WO,0,0,0,0,0,0,0,0,0
109L0,WO,140,0,0,0,0,0,0,0,0
109M0,WO,0,0,0,0,0,0,0,0,0
109N0,WO,0,I,S,S,0,0,0,0,0
109O1,WO,0,0,0,0,0,0,0,0,0
109O2,WO,0,0,0,0,0,0,0,0,0
109O3,WO,0,0,0,0,0,0,0,0,0
10931,NG,0,0,0,0,0,0,0,0,0
10932,NG,0,0,0,0,0,0,0,0,0
10941,NG,0,0,0,0,0,0,0,0,0
10942,NG,0,0,0,0,0,0,0,0,0
110A0,WO,0,0,0,0,0,0,0,0,0
110B0,WO,0,0,0,0,0,0,0,0,0
110C0,WO,0,0,0,0,0,0,0,0,0
110D0,WO,0,0,0,0,0,0,0,0,0
110E0,WO,0,0,0,0,0,0,0,0,0
110F0,WO,0,0,0,0,0,0,0,0,0
110G0,WO,0,0,0,0,0,0,0,0,0
11081,NG,0,0,0,0,0,0,0,0,0
11082,NG,0,0,0,0,0,0,0,0,0
11083,NG,0,0,0,0,0,0,0,0,0
11084,NG,0,0,0,0,0,0,0,0,0
156A0,WO,0,0,0,0,0,0,0,0,0
156B1,WO,0,0,0,0,0,0,0,0,0
156B2,WO,0,0,0,0,0,0,0,0,0
156C0,WO,0,0,0,0,0,0,0,0,0
156D1,WO,0,0,0,0,0,0,0,0,0
156D2,WO,0,0,0,0,0,0,0,0,0
156D3,WO,0,0,0,0,0,0,0,0,0
156D4,WO,0,0,0,0,0,0,0,0,0
156D5,WO,0,0,0,0,0,0,0,0,0
156E0,WO,0,0,0,0,0,0,0,0,0
156F1,WO,0,0,0,0,0,0,0,0,0
156F2,WO,0,0,0,0,0,0,0,0,0
156F3,WO,0,0,0,0,0,0,0,0,0
156F4,WO,0,0,0,0,0,0,0,0,0
156G1,WO,0,0,0,0,0,0,0,0,0
156G2,WO,0,0,0,0,0,0,0,0,0
156H0,WO,0,0,0,0,0,0,0,0,0
156I1,WO,0,0,0,0,0,0,0,0,0
156I2,WO,0,0,0,0,0,0,0,0,0
156J0,WO,0,0,0,0,0,0,0,0,0
156K0,WO,0,0,0,0,0,0,0,0,0
156L1,WO,0,0,0,0,0,0,0,0,0
156L2,WO,0,0,0,0,0,0,0,0,0
156M0,WO,0,0,0,0,0,0,0,0,0
156N0,WO,0,0,0,0,0,0,0,0,0
156O1,WO,0,0,0,0,0,0,0,0,0
156O2,WO,0,0,0,0,0,0,0,0,0
156O3,WO,0,0,0,0,0,0,0,0,0
156P0,WO,0,0,0,0,0,0,0,0,0
15631,NG,0,0,0,0,0,0,0,0,0
15632,NG,0,0,0,0,0,0,0,0,0
15633,NG,0,0,0,0,0,0,0,0,0
15671,NG,0,0,0,0,0,0,0,0,0
157A0,WO,0,0,0,0,0,0,0,0,0
157B0,WO,0,0,0,0,0,0,0,0,0
157C0,WO,0,0,0,0,0,0,0,0,0
157D1,WO,0,0,0,0,0,0,0,0,0
157D2,WO,0,0,0,0,0,0,0,0,0
157E0,WO,0,0,0,0,0,0,0,0,0
157F0,WO,0,0,0,0,0,0,0,0,0
157G1,WO,0,0,0,0,0,0,0,0,0
157G2,WO,0,0,0,0,0,0,0,0,0
157H0,WO,0,0,0,0,0,0,0,0,0
157I0,WO,0,0,0,0,0,0,0,0,0
157J1,WO,0,0,0,0,0,0,0,0,0
157J2,WO,0,0,0,0,0,0,0,0,0
157K0,WO,0,0,0,0,0,0,0,0,0
157L0,WO,0,0,0,0,0,0,0,0,0
157M0,WO,0,0,0,0,0,0,0,0,0
157N1,WO,0,0,0,0,0,0,0,0,0
157N2,WO,0,0,0,0,0,0,0,0,0
157O0,WO,0,0,0,0,0,0,0,0,0
157P0,WO,0,0,0,0,0,0,0,0,0
157Q0,WO,0,0,0,0,0,0,0,0,0
157R1,WO,0,0,0,0,0,0,0,0,0
157R2,WO,0,0,0,0,0,0,0,0,0
157R3,WO,0,0,0,0,0,0,0,0,0
157S0,WO,0,0,0,0,0,0,0,0,0
157T0,WO,0,0,0,0,0,0,0,0,0
157U0,WO,0,0,0,0,0,0,0,0,0
157V0,WO,0,0,0,0,0,0,0,0,0
157W1,WO,0,0,0,0,0,0,0,0,0
157W2,WO,0,0,0,0,0,0,0,0,0
157X0,WO,0,0,0,0,0,0,0,0,0
157Y0,WO,0,0,0,0,0,0,0,0,0
157Z0,WO,0,0,0,0,0,0,0,0,0
15731,NG,0,0,0,0,0,0,0,0,0
15732,NG,0,0,0,0,0,0,0,0,0
15741,NG,0,0,0,0,0,0,0,0,0
15781,NG,0,0,0,0,0,0,0,0,0
15782,NG,0,0,0,0,0,0,0,0,0
15783,NG,0,0,0,0,0,0,0,0,0
15784,NG,0,0,0,0,0,0,0,0,0
15785,NG,0,0,0,0,0,0,0,0,0
15786,NG,0,0,0,0,0,0,0,0,0
158A1,WO,0,0,0,0,0,0,0,0,0
158A2,WO,0,0,0,0,0,0,0,0,0
158A3,WO,0,0,0,0,0,0,0,0,0
158B1,WO,0,0,0,0,0,0,0,0,0
158B2,WO,0,0,0,0,0,0,0,0,0
158C0,WO,0,0,0,0,0,0,0,0,0
158D1,WO,0,0,0,0,0,0,0,0,0
158D2,WO,0,0,0,0,0,0,0,0,0
158D3,WO,0,0,0,0,0,0,0,0,0
158E0,WO,0,0,0,0,0,0,0,0,0
158F0,WO,0,0,0,0,0,0,0,0,0
158G0,WO,0,0,0,0,0,0,0,0,0
158H1,WO,0,0,0,0,0,0,0,0,0
158H2,WO,0,0,0,0,0,0,0,0,0
158I0,WO,0,0,0,0,0,0,0,0,0
158J0,WO,0,0,0,0,0,0,0,0,0
158K0,WO,0,0,0,0,0,0,0,0,0
158L0,WO,0,0,0,0,0,0,0,0,0
158M0,WO,0,0,0,0,0,0,0,0,0
158N0,WO,0,0,0,0,0,0,0,0,0
158O0,WO,0,0,0,0,0,0,0,0,0
158P0,WO,0,0,0,0,0,0,0,0,0
158Q0,WO,0,0,0,0,0,0,0,0,0
15831,NG,0,0,0,0,0,0,0,0,0
15841,NG,0,0,0,0,0,0,0,0,0
159A0,WO,0,0,0,0,0,0,0,0,0
159C1,WO,0,0,0,0,0,0,0,0,0
159C2,WO,0,0,0,0,0,0,0,0,0
159C3,WO,0,0,0,0,0,0,0,0,0
159D1,WO,0,0,0,0,0,0,0,0,0
159D2,WO,0,0,0,0,0,0,0,0,0
159D3,WO,0,0,0,0,0,0,0,0,0
159D4,WO,0,0,0,0,0,0,0,0,0
159E1,WO,0,0,0,0,0,0,0,0,0
159E2,WO,0,0,0,0,0,0,0,0,0
159F1,WO,0,0,0,0,0,0,0,0,0
159F2,WO,0,0,0,0,0,0,0,0,0
159G1,WO,0,0,0,0,0,0,0,0,0
159G2,WO,0,0,0,0,0,0,0,0,0
159H0,WO,0,0,0,0,0,0,0,0,0
159I1,WO,0,0,0,0,0,0,0,0,0
159I2,WO,0,0,0,0,0,0,0,0,0
159I3,WO,0,0,0,0,0,0,0,0,0
159J0,WO,0,0,0,0,0,0,0,0,0
159K1,WO,0,0,0,0,0,0,0,0,0
159K2,WO,0,0,0,0,0,0,0,0,0
159K3,WO,0,0,0,0,0,0,0,0,0
159L1,WO,0,0,0,0,0,0,0,0,0
159L2,WO,0,0,0,0,0,0,0,0,0
159L3,WO,0,0,0,0,0,0,0,0,0
159L4,WO,0,0,0,0,0,0,0,0,0
159L5,WO,0,0,0,0,0,0,0,0,0
15931,NG,0,0,0,0,0,0,0,0,0
15941,NG,0,0,0,0,0,0,0,0,0
15942,NG,0,0,0,0,0,0,0,0,0
160A0,WO,0,0,0,0,0,0,0,0,0
160B1,WO,0,0,0,0,0,0,0,0,0
160B2,WO,0,0,0,0,0,0,0,0,0
160C1,WO,0,0,0,0,0,0,0,0,0
160C2,WO,0,0,0,0,0,0,0,0,0
160C3,WO,0,0,0,0,0,0,0,0,0
160C4,WO,0,0,0,0,0,0,0,0,0
160C5,WO,0,0,0,0,0,0,0,0,0
160C6,WO,0,0,0,0,0,0,0,0,0
160C7,WO,0,0,0,0,0,0,0,0,0
160D1,WO,0,0,0,0,0,0,0,0,0
160D2,WO,0,0,0,0,0,0,0,0,0
160E0,WO,0,0,0,0,0,0,0,0,0
160F1,WO,0,0,0,0,0,0,0,0,0
160F2,WO,0,0,0,0,0,0,0,0,0
160F3,WO,0,0,0,0,0,0,0,0,0
160F4,WO,0,0,0,0,0,0,0,0,0
160F5,WO,0,0,0,0,0,0,0,0,0
160G1,WO,0,0,0,0,0,0,0,0,0
160G2,WO,0,0,0,0,0,0,0,0,0
160H1,WO,0,0,0,0,0,0,0,0,0
160H2,WO,0,0,0,0,0,0,0,0,0
160H3,WO,0,0,0,0,0,0,0,0,0
160J0,WO,0,0,0,0,0,0,0,0,0
160K1,WO,0,0,0,0,0,0,0,0,0
160K2,WO,0,0,0,0,0,0,0,0,0
160L0,WO,0,0,0,0,0,0,0,0,0
160M0,WO,0,0,0,0,0,0,0,0,0
160N1,WO,0,0,0,0,0,0,0,0,0
160N2,WO,0,0,0,0,0,0,0,0,0
160P0,WO,0,0,0,0,0,0,0,0,0
160Q1,WO,0,0,0,0,0,0,0,0,0
160Q2,WO,0,0,0,0,0,0,0,0,0
160Q3,WO,0,0,0,0,0,0,0,0,0
160Q4,WO,0,0,0,0,0,0,0,0,0
160Q5,WO,0,0,0,0,0,0,0,0,0
160R0,WO,0,0,0,0,0,0,0,0,0
160S1,WO,0,0,0,0,0,0,0,0,0
160S2,WO,0,0,0,0,0,0,0,0,0
160T0,WO,0,0,0,0,0,0,0,0,0
160U1,WO,0,0,0,0,0,0,0,0,0
160U2,WO,0,0,0,0,0,0,0,0,0
160U3,WO,0,0,0,0,0,0,0,0,0
160U4,WO,0,0,0,0,0,0,0,0,0
160U5,WO,0,0,0,0,0,0,0,0,0
160U6,WO,0,0,0,0,0,0,0,0,0
160V1,WO,0,0,0,0,0,0,0,0,0
160V2,WO,0,0,0,0,0,0,0,0,0
160V3,WO,0,0,0,0,0,0,0,0,0
16031,NG,0,0,0,0,0,0,0,0,0
16032,NG,0,0,0,0,0,0,0,0,0
16041,NG,0,0,0,0,0,0,0,0,0
16042,NG,0,0,0,0,0,0,0,0,0
161A1,WO,0,0,0,0,0,0,0,0,0
161A2,WO,0,0,0,0,0,0,0,0,0
161A3,WO,0,0,0,0,0,0,0,0,0
161B0,WO,0,0,0,0,0,0,0,0,0
161C1,WO,0,0,0,0,0,0,0,0,0
161C2,WO,0,0,0,0,0,0,0,0,0
161C3,WO,0,0,0,0,0,0,0,0,0
161D1,WO,0,0,0,0,0,0,0,0,0
161D2,WO,0,0,0,0,0,0,0,0,0
161E1,WO,0,0,0,0,0,0,0,0,0
161E2,WO,0,0,0,0,0,0,0,0,0
161F1,WO,0,0,0,0,0,0,0,0,0
161F2,WO,0,0,0,0,0,0,0,0,0
161F3,WO,0,0,0,0,0,0,0,0,0
161F4,WO,0,0,0,0,0,0,0,0,0
161G1,WO,0,0,0,0,0,0,0,0,0
161G2,WO,0,0,0,0,0,0,0,0,0
161G3,WO,0,0,0,0,0,0,0,0,0
161G4,WO,0,0,0,0,0,0,0,0,0
161H1,WO,0,0,0,0,0,0,0,0,0
161H2,WO,0,0,0,0,0,0,0,0,0
161H3,WO,0,0,0,0,0,0,0,0,0
161H4,WO,0,0,0,0,0,0,0,0,0
161I1,WO,0,0,0,0,0,0,0,0,0
161I2,WO,0,0,0,0,0,0,0,0,0
161I3,WO,0,0,0,0,0,0,0,0,0
161I4,WO,0,0,0,0,0,0,0,0,0
161J0,WO,0,0,0,0,0,0,0,0,0
161K1,WO,0,0,0,0,0,0,0,0,0
161K2,WO,0,0,0,0,0,0,0,0,0
161K3,WO,0,0,0,0,0,0,0,0,0
161L1,WO,0,0,0,0,0,0,0,0,0
161L2,WO,0,0,0,0,0,0,0,0,0
161M1,WO,0,0,0,0,0,0,0,0,0
161M2,WO,0,0,0,0,0,0,0,0,0
161M3,WO,0,0,0,0,0,0,0,0,0
16131,NG,0,0,0,0,0,0,0,0,0
16141,NG,0,0,0,0,0,0,0,0,0
16151,NG,0,0,0,0,0,0,0,0,0
16191,NG,0,0,0,0,0,0,0,0,0
162A1,WO,0,0,0,0,0,0,0,0,0
162A2,WO,0,0,0,0,0,0,0,0,0
162A3,WO,0,0,0,0,0,0,0,0,0
162A4,WO,0,0,0,0,0,0,0,0,0
162B1,WO,0,0,0,0,0,0,0,0,0
162B2,WO,0,0,0,0,0,0,0,0,0
162B3,WO,0,0,0,0,0,0,0,0,0
162C1,WO,0,0,0,0,0,0,0,0,0
162C2,WO,0,0,0,0,0,0,0,0,0
162C3,WO,0,0,0,0,0,0,0,0,0
162D1,WO,0,0,0,0,0,0,0,0,0
162D2,WO,0,0,0,0,0,0,0,0,0
162D3,WO,0,0,0,0,0,0,0,0,0
162E1,WO,0,0,0,0,0,0,0,0,0
162E2,WO,0,0,0,0,0,0,0,0,0
162E3,WO,0,0,0,0,0,0,0,0,0
16231,NG,0,0,0,0,0,0,0,0,0
16232,NG,0,0,0,0,0,0,0,0,0
163A1,WO,0,0,0,0,0,0,0,0,0
163A2,WO,0,0,0,0,0,0,0,0,0
163A3,WO,0,0,0,0,0,0,0,0,0
163B1,WO,0,0,0,0,0,0,0,0,0
163B2,WO,0,0,0,0,0,0,0,0,0
163B3,WO,0,0,0,0,0,0,0,0,0
163C0,WO,0,0,0,0,0,0,0,0,0
163D0,WO,0,0,0,0,0,0,0,0,0
163E0,WO,0,0,0,0,0,0,0,0,0
163F1,WO,0,0,0,0,0,0,0,0,0
163F2,WO,0,0,0,0,0,0,0,0,0
163F3,WO,0,0,0,0,0,0,0,0,0
163I1,WO,0,0,0,0,0,0,0,0,0
163I2,WO,0,0,0,0,0,0,0,0,0
163I3,WO,0,0,0,0,0,0,0,0,0
163I4,WO,0,0,0,0,0,0,0,0,0
163I5,WO,0,0,0,0,0,0,0,0,0
163J0,WO,0,0,0,0,0,0,0,0,0
163K0,WO,0,0,0,0,0,0,0,0,0
163L1,WO,0,0,0,0,0,0,0,0,0
163L2,WO,0,0,0,0,0,0,0,0,0
163M1,WO,0,0,0,0,0,0,0,0,0
163M2,WO,0,0,0,0,0,0,0,0,0
163N1,WO,0,0,0,0,0,0,0,0,0
163N2,WO,0,0,0,0,0,0,0,0,0
163N3,WO,0,0,0,0,0,0,0,0,0
163O0,WO,0,0,0,0,0,0,0,0,0
163P0,WO,0,0,0,0,0,0,0,0,0
16331,NG,0,0,0,0,0,0,0,0,0
16332,NG,0,0,0,0,0,0,0,0,0
16341,NG,0,0,0,0,0,0,0,0,0
164A1,WO,0,0,0,0,0,0,0,0,0
164A2,WO,0,0,0,0,0,0,0,0,0
164B0,WO,0,0,0,0,0,0,0,0,0
164C1,WO,0,0,0,0,0,0,0,0,0
164C2,WO,0,0,0,0,0,0,0,0,0
164C3,WO,0,0,0,0,0,0,0,0,0
164D0,WO,0,0,0,0,0,0,0,0,0
164E0,WO,0,0,0,0,0,0,0,0,0
164F1,WO,0,0,0,0,0,0,0,0,0
164F2,WO,0,0,0,0,0,0,0,0,0
164F3,WO,0,0,0,0,0,0,0,0,0
164G0,WO,0,0,0,0,0,0,0,0,0
164H0,WO,0,0,0,0,0,0,0,0,0
164I0,WO,0,0,0,0,0,0,0,0,0
164J0,WO,0,0,0,0,0,0,0,0,0
164K1,WO,0,0,0,0,0,0,0,0,0
164K2,WO,0,0,0,0,0,0,0,0,0
164L0,WO,0,0,0,0,0,0,0,0,0
164M0,WO,0,0,0,0,0,0,0,0,0
164N0,WO,0,0,0,0,0,0,0,0,0
16431,NG,0,0,0,0,0,0,0,0,0
16432,NG,0,0,0,0,0,0,0,0,0
16441,NG,0,0,0,0,0,0,0,0,0
16451,NG,0,0,0,0,0,0,0,0,0
16452,NG,0,0,0,0,0,0,0,0,0
16453,NG,0,0,0,0,0,0,0,0,0
16454,NG,0,0,0,0,0,0,0,0,0
165A0,WO,0,0,0,0,0,0,0,0,0
165B1,WO,0,0,0,0,0,0,0,0,0
165B2,WO,0,0,0,0,0,0,0,0,0
165B3,WO,0,0,0,0,0,0,0,0,0
165C1,WO,0,0,0,0,0,0,0,0,0
165C2,WO,0,0,0,0,0,0,0,0,0
165C3,WO,0,0,0,0,0,0,0,0,0
165D0,WO,0,0,0,0,0,0,0,0,0
165E0,WO,0,0,0,0,0,0,0,0,0
165F0,WO,0,0,0,0,0,0,0,0,0
165G1,WO,0,0,0,0,0,0,0,0,0
165G2,WO,0,0,0,0,0,0,0,0,0
165G3,WO,0,0,0,0,0,0,0,0,0
165G4,WO,0,0,0,0,0,0,0,0,0
165H1,WO,0,0,0,0,0,0,0,0,0
165H2,WO,0,0,0,0,0,0,0,0,0
165I1,WO,0,0,0,0,0,0,0,0,0
165I2,WO,0,0,0,0,0,0,0,0,0
165I3,WO,0,0,0,0,0,0,0,0,0
165I4,WO,0,0,0,0,0,0,0,0,0
165J0,WO,0,0,0,0,0,0,0,0,0
16531,NG,0,0,0,0,0,0,0,0,0
16541,NG,0,0,0,0,0,0,0,0,0
16551,NG,0,0,0,0,0,0,0,0,0
166A0,WO,0,0,0,0,0,0,0,0,0
166B0,WO,0,0,0,0,0,0,0,0,0
166C1,WO,0,0,0,0,0,0,0,0,0
166C2,WO,0,0,0,0,0,0,0,0,0
166C3,WO,0,0,0,0,0,0,0,0,0
166D0,WO,0,0,0,0,0,0,0,0,0
166E0,WO,0,0,0,0,0,0,0,0,0
166F0,WO,0,0,0,0,0,0,0,0,0
16631,NG,0,0,0,0,0,0,0,0,0
16641,NG,0,0,0,0,0,0,0,0,0
167A1,WO,0,0,0,0,0,0,0,0,0
167A2,WO,0,0,0,0,0,0,0,0,0
167B0,WO,0,0,0,0,0,0,0,0,0
167C0,WO,0,0,0,0,0,0,0,0,0
167D1,WO,0,0,0,0,0,0,0,0,0
167D2,WO,0,0,0,0,0,0,0,0,0
167D3,WO,0,0,0,0,0,0,0,0,0
167D4,WO,0,0,0,0,0,0,0,0,0
167E1,WO,0,0,0,0,0,0,0,0,0
167E2,WO,0,0,0,0,0,0,0,0,0
167E3,WO,0,0,0,0,0,0,0,0,0
167F0,WO,0,0,0,0,0,0,0,0,0
167G1,WO,0,0,0,0,0,0,0,0,0
167G2,WO,0,0,0,0,0,0,0,0,0
16731,NG,0,0,0,0,0,0,0,0,0
16732,NG,0,0,0,0,0,0,0,0,0
16791,NG,0,0,0,0,0,0,0,0,0
168A1,WO,0,0,0,0,0,0,0,0,0
168A2,WO,0,0,0,0,0,0,0,0,0
168A3,WO,0,0,0,0,0,0,0,0,0
168B1,WO,0,0,0,0,0,0,0,0,0
168B2,WO,0,0,0,0,0,0,0,0,0
168B3,WO,0,0,0,0,0,0,0,0,0
168B4,WO,0,0,0,0,0,0,0,0,0
168C1,WO,0,0,0,0,0,0,0,0,0
168C2,WO,0,0,0,0,0,0,0,0,0
168C3,WO,0,0,0,0,0,0,0,0,0
168C4,WO,0,0,0,0,0,0,0,0,0
168D1,WO,0,0,0,0,0,0,0,0,0
168D2,WO,0,0,0,0,0,0,0,0,0
168D3,WO,0,0,0,0,0,0,0,0,0
168E1,WO,0,0,0,0,0,0,0,0,0
168E2,WO,0,0,0,0,0,0,0,0,0
168E3,WO,0,0,0,0,0,0,0,0,0
168E4,WO,0,0,0,0,0,0,0,0,0
168F1,WO,0,0,0,0,0,0,0,0,0
168F2,WO,0,0,0,0,0,0,0,0,0
168F3,WO,0,0,0,0,0,0,0,0,0
16831,NG,0,0,0,0,0,0,0,0,0
16851,NG,0,0,0,0,0,0,0,0,0
169A0,WO,0,0,0,0,0,0,0,0,0
169B1,WO,0,0,0,0,0,0,0,0,0
169B2,WO,0,0,0,0,0,0,0,0,0
169C1,WO,0,0,0,0,0,0,0,0,0
169C2,WO,0,0,0,0,0,0,0,0,0
169D1,WO,0,0,0,0,0,0,0,0,0
169D2,WO,0,0,0,0,0,0,0,0,0
169D3,WO,0,0,0,0,0,0,0,0,0
169E1,WO,0,0,0,0,0,0,0,0,0
169E2,WO,0,0,0,0,0,0,0,0,0
169E3,WO,0,0,0,0,0,0,0,0,0
169E4,WO,0,0,0,0,0,0,0,0,0
169E5,WO,0,0,0,0,0,0,0,0,0
169E6,WO,0,0,0,0,0,0,0,0,0
16951,NG,0,0,0,0,0,0,0,0,0
16952,NG,0,0,0,0,0,0,0,0,0
170A1,WO,0,0,0,0,0,0,0,0,0
170A2,WO,0,0,0,0,0,0,0,0,0
170A3,WO,0,0,0,0,0,0,0,0,0
170A4,WO,0,0,0,0,0,0,0,0,0
170A5,WO,0,0,0,0,0,0,0,0,0
170B0,WO,0,0,0,0,0,0,0,0,0
170C1,WO,0,0,0,0,0,0,0,0,0
170C2,WO,0,0,0,0,0,0,0,0,0
170C3,WO,0,0,0,0,0,0,0,0,0
170D0,WO,0,0,0,0,0,0,0,0,0
170E0,WO,0,0,0,0,0,0,0,0,0
17031,NG,0,0,0,0,0,0,0,0,0
17032,NG,0,0,0,0,0,0,0,0,0
171A1,WO,0,0,0,0,0,0,0,0,0
171A2,WO,0,0,0,0,0,0,0,0,0
171A3,WO,0,0,0,0,0,0,0,0,0
171B1,WO,0,0,0,0,0,0,0,0,0
171B2,WO,0,0,0,0,0,0,0,0,0
171B3,WO,0,0,0,0,0,0,0,0,0
171B4,WO,0,0,0,0,0,0,0,0,0
171C0,WO,0,0,0,0,0,0,0,0,0
171D1,WO,0,0,0,0,0,0,0,0,0
171D2,WO,0,0,0,0,0,0,0,0,0
171D3,WO,0,0,0,0,0,0,0,0,0
171D4,WO,0,0,0,0,0,0,0,0,0
171D5,WO,0,0,0,0,0,0,0,0,0
171E0,WO,0,0,0,0,0,0,0,0,0
17131,NG,0,0,0,0,0,0,0,0,0
17141,NG,0,0,0,0,0,0,0,0,0
17151,NG,0,0,0,0,0,0,0,0,0
172A1,WO,0,0,0,0,0,0,0,0,0
172A2,WO,0,0,0,0,0,0,0,0,0
172B1,WO,0,0,0,0,0,0,0,0,0
172B2,WO,0,0,0,0,0,0,0,0,0
172B3,WO,0,0,0,0,0,0,0,0,0
172B4,WO,0,0,0,0,0,0,0,0,0
172B5,WO,0,0,0,0,0,0,0,0,0
172C1,WO,0,0,0,0,0,0,0,0,0
172C2,WO,0,0,0,0,0,0,0,0,0
172D1,WO,0,0,0,0,0,0,0,0,0
172D2,WO,0,0,0,0,0,0,0,0,0
172E0,WO,0,0,0,0,0,0,0,0,0
172F1,WO,0,0,0,0,0,0,0,0,0
172F2,WO,0,0,0,0,0,0,0,0,0
172F3,WO,0,0,0,0,0,0,0,0,0
172G0,WO,0,0,0,0,0,0,0,0,0
172H0,WO,0,0,0,0,0,0,0,0,0
172I0,WO,0,0,0,0,0,0,0,0,0
172J0,WO,0,0,0,0,0,0,0,0,0
172K1,WO,0,0,0,0,0,0,0,0,0
172K2,WO,0,0,0,0,0,0,0,0,0
172L0,WO,0,0,0,0,0,0,0,0,0
17231,NG,0,0,0,0,0,0,0,0,0
17232,NG,0,0,0,0,0,0,0,0,0
17241,NG,0,0,0,0,0,0,0,0,0
173A1,WO,0,0,0,0,0,0,0,0,0
173A2,WO,0,0,0,0,0,0,0,0,0
173B1,WO,0,0,0,0,0,0,0,0,0
173B2,WO,0,0,0,0,0,0,0,0,0
173C1,WO,0,0,0,0,0,0,0,0,0
173C2,WO,0,0,0,0,0,0,0,0,0
173D0,WO,0,0,0,0,0,0,0,0,0
17331,NG,0,0,0,0,0,0,0,0,0
174A0,WO,0,0,0,0,0,0,0,0,0
174B1,WO,0,0,0,0,0,0,0,0,0
174B2,WO,0,0,0,0,0,0,0,0,0
174C1,WO,0,0,0,0,0,0,0,0,0
174C2,WO,0,0,0,0,0,0,0,0,0
174C3,WO,0,0,0,0,0,0,0,0,0
174C4,WO,0,0,0,0,0,0,0,0,0
17431,NG,0,0,0,0,0,0,0,0,0
175A1,WO,0,0,0,0,0,0,0,0,0
175A2,WO,0,0,0,0,0,0,0,0,0
175A3,WO,0,0,0,0,0,0,0,0,0
175B0,WO,0,0,0,0,0,0,0,0,0
175C0,WO,0,0,0,0,0,0,0,0,0
175D0,WO,0,0,0,0,0,0,0,0,0
175E0,WO,0,0,0,0,0,0,0,0,0
175F0,WO,0,0,0,0,0,0,0,0,0
175G0,WO,0,0,0,0,0,0,0,0,0
175H0,WO,0,0,0,0,0,0,0,0,0
17581,NG,0,0,0,0,0,0,0,0,0
176A1,WO,0,0,0,0,0,0,0,0,0
176A2,WO,0,0,0,0,0,0,0,0,0
176B1,WO,0,0,0,0,0,0,0,0,0
176B2,WO,0,0,0,0,0,0,0,0,0
176C0,WO,0,0,0,0,0,0,0,0,0
176D0,WO,0,0,0,0,0,0,0,0,0
176E1,WO,0,0,0,0,0,0,0,0,0
176E2,WO,0,0,0,0,0,0,0,0,0
176F1,WO,0,0,0,0,0,0,0,0,0
176F2,WO,0,0,0,0,0,0,0,0,0
176G0,WO,0,0,0,0,0,0,0,0,0
17631,NG,0,0,0,0,0,0,0,0,0
177A1,WO,0,0,0,0,0,0,0,0,0
177A2,WO,0,0,0,0,0,0,0,0,0
177B0,WO,0,0,0,0,0,0,0,0,0
177C0,WO,0,0,0,0,0,0,0,0,0
177D1,WO,0,0,0,0,0,0,0,0,0
177D2,WO,0,0,0,0,0,0,0,0,0
177D3,WO,0,0,0,0,0,0,0,0,0
177D4,WO,0,0,0,0,0,0,0,0,0
177E1,WO,0,0,0,0,0,0,0,0,0
177E2,WO,0,0,0,0,0,0,0,0,0
177E3,WO,0,0,0,0,0,0,0,0,0
177F0,WO,0,0,0,0,0,0,0,0,0
177G0,WO,0,0,0,0,0,0,0,0,0
177H1,WO,0,0,0,0,0,0,0,0,0
177H2,WO,0,0,0,0,0,0,0,0,0
177I0,WO,0,0,0,0,0,0,0,0,0
17731,NG,0,0,0,0,0,0,0,0,0
17751,NG,0,0,0,0,0,0,0,0,0
178A0,WO,0,0,0,0,0,0,0,0,0
178B1,WO,0,0,0,0,0,0,0,0,0
178B2,WO,0,0,0,0,0,0,0,0,0
178B3,WO,0,0,0,0,0,0,0,0,0
178C1,WO,0,0,0,0,0,0,0,0,0
178C2,WO,0,0,0,0,0,0,0,0,0
178C3,WO,0,0,0,0,0,0,0,0,0
178D1,WO,0,0,0,0,0,0,0,0,0
178D2,WO,0,0,0,0,0,0,0,0,0
178E0,WO,0,0,0,0,0,0,0,0,0
178F0,WO,0,0,0,0,0,0,0,0,0
178G1,WO,0,0,0,0,0,0,0,0,0
178G2,WO,0,0,0,0,0,0,0,0,0
178G3,WO,0,0,0,0,0,0,0,0,0
178H1,WO,0,0,0,0,0,0,0,0,0
178H2,WO,0,0,0,0,0,0,0,0,0
17831,NG,0,0,0,0,0,0,0,0,0
179A1,WO,0,0,0,0,0,0,0,0,0
179A2,WO,0,0,0,0,0,0,0,0,0
179B1,WO,0,0,0,0,0,0,0,0,0
179B2,WO,0,0,0,0,0,0,0,0,0
179B3,WO,0,0,0,0,0,0,0,0,0
179C1,WO,0,0,0,0,0,0,0,0,0
179C2,WO,0,0,0,0,0,0,0,0,0
179D1,WO,0,0,0,0,0,0,0,0,0
179D2,WO,0,0,0,0,0,0,0,0,0
179D3,WO,0,0,0,0,0,0,0,0,0
179E1,WO,0,0,0,0,0,0,0,0,0
179E2,WO,0,0,0,0,0,0,0,0,0
179F1,WO,0,0,0,0,0,0,0,0,0
179F2,WO,0,0,0,0,0,0,0,0,0
179G0,WO,0,0,0,0,0,0,0,0,0
17931,NG,0,0,0,0,0,0,0,0,0
180A1,WO,0,0,0,0,0,0,0,0,0
180A2,WO,0,0,0,0,0,0,0,0,0
180A3,WO,0,0,0,0,0,0,0,0,0
180A4,WO,0,0,0,0,0,0,0,0,0
180B0,WO,0,0,0,0,0,0,0,0,0
180C0,WO,0,0,0,0,0,0,0,0,0
180D0,WO,0,0,0,0,0,0,0,0,0
180E1,WO,0,0,0,0,0,0,0,0,0
180E2,WO,0,0,0,0,0,0,0,0,0
180E3,WO,0,0,0,0,0,0,0,0,0
18051,NG,0,0,0,0,0,0,0,0,0
181A1,WO,0,0,0,0,0,0,0,0,0
181A2,WO,0,0,0,0,0,0,0,0,0
181A3,WO,0,0,0,0,0,0,0,0,0
181A4,WO,0,0,0,0,0,0,0,0,0
181A5,WO,0,0,0,0,0,0,0,0,0
181A6,WO,0,0,0,0,0,0,0,0,0
181B1,WO,0,0,0,0,0,0,0,0,0
181B2,WO,0,0,0,0,0,0,0,0,0
181C1,WO,0,0,0,0,0,0,0,0,0
181C2,WO,0,0,0,0,0,0,0,0,0
181C3,WO,0,0,0,0,0,0,0,0,0
181C4,WO,0,0,0,0,0,0,0,0,0
181C5,WO,0,0,0,0,0,0,0,0,0
181D1,WO,0,0,0,0,0,0,0,0,0
181D2,WO,0,0,0,0,0,0,0,0,0
181D3,WO,0,0,0,0,0,0,0,0,0
181D4,WO,0,0,0,0,0,0,0,0,0
181D5,WO,0,0,0,0,0,0,0,0,0
181E1,WO,0,0,0,0,0,0,0,0,0
181E2,WO,0,0,0,0,0,0,0,0,0
181E3,WO,0,0,0,0,0,0,0,0,0
181E4,WO,0,0,0,0,0,0,0,0,0
181F1,WO,0,0,0,0,0,0,0,0,0
181F2,WO,0,0,0,0,0,0,0,0,0
181F3,WO,0,0,0,0,0,0,0,0,0
181G0,WO,0,0,0,0,0,0,0,0,0
181I0,WO,0,0,0,0,0,0,0,0,0
181J0,WO,0,0,0,0,0,0,0,0,0
18131,NG,0,0,0,0,0,0,0,0,0
18132,NG,0,0,0,0,0,0,0,0,0
18133,NG,0,0,0,0,0,0,0,0,0
18134,NG,0,0,0,0,0,0,0,0,0
18151,NG,0,0,0,0,0,0,0,0,0
18152,NG,0,0,0,0,0,0,0,0,0
18161,NG,0,0,0,0,0,0,0,0,0
18162,NG,0,0,0,0,0,0,0,0,0
18163,NG,0,0,0,0,0,0,0,0,0
18164,NG,0,0,0,0,0,0,0,0,0
18181,NG,0,0,0,0,0,0,0,0,0
18182,NG,0,0,0,0,0,0,0,0,0
182A1,WO,0,0,0,0,0,0,0,0,0
182A2,WO,0,0,0,0,0,0,0,0,0
182A3,WO,0,0,0,0,0,0,0,0,0
182A4,WO,0,0,0,0,0,0,0,0,0
182B1,WO,0,0,0,0,0,0,0,0,0
182B2,WO,0,0,0,0,0,0,0,0,0
182B3,WO,0,0,0,0,0,0,0,0,0
182C1,WO,0,0,0,0,0,0,0,0,0
182C2,WO,0,0,0,0,0,0,0,0,0
182C3,WO,0,0,0,0,0,0,0,0,0
182D1,WO,0,0,0,0,0,0,0,0,0
182D2,WO,0,0,0,0,0,0,0,0,0
182D3,WO,0,0,0,0,0,0,0,0,0
182D4,WO,0,0,0,0,0,0,0,0,0
182D5,WO,0,0,0,0,0,0,0,0,0
182E1,WO,0,0,0,0,0,0,0,0,0
182E2,WO,0,0,0,0,0,0,0,0,0
18231,NG,0,0,0,0,0,0,0,0,0
18232,NG,0,0,0,0,0,0,0,0,0
256A1,WO,0,0,0,0,0,0,0,0,0
256A2,WO,0,0,0,0,0,0,0,0,0
256A3,WO,0,0,0,0,0,0,0,0,0
256A4,WO,0,0,0,0,0,0,0,0,0
256A5,WO,0,0,0,0,0,0,0,0,0
256B1,WO,0,0,0,0,0,0,0,0,0
256B2,WO,0,0,0,0,0,0,0,0,0
256B3,WO,0,0,0,0,0,0,0,0,0
256B4,WO,0,0,0,0,0,0,0,0,0
256B5,WO,0,0,0,0,0,0,0,0,0
256B6,WO,0,0,0,0,0,0,0,0,0
256C1,WO,0,0,0,0,0,0,0,0,0
256C2,WO,0,0,0,0,0,0,0,0,0
256C3,WO,0,0,0,0,0,0,0,0,0
256C4,WO,0,0,0,0,0,0,0,0,0
256D1,WO,0,0,0,0,0,0,0,0,0
256D2,WO,0,0,0,0,0,0,0,0,0
256D3,WO,0,0,0,0,0,0,0,0,0
256E1,WO,0,0,0,0,0,0,0,0,0
256E2,WO,0,0,0,0,0,0,0,0,0
256E3,WO,0,0,0,0,0,0,0,0,0
256E4,WO,0,0,0,0,0,0,0,0,0
256F1,WO,0,0,0,0,0,0,0,0,0
256F2,WO,0,0,0,0,0,0,0,0,0
256F3,WO,0,0,0,0,0,0,0,0,0
256F4,WO,0,0,0,0,0,0,0,0,0
256F5,WO,0,0,0,0,0,0,0,0,0
256F6,WO,0,0,0,0,0,0,0,0,0
256G1,WO,0,0,0,0,0,0,0,0,0
256G2,WO,0,0,0,0,0,0,0,0,0
256G3,WO,0,0,0,0,0,0,0,0,0
256G4,WO,0,0,0,0,0,0,0,0,0
256H1,WO,0,0,0,0,0,0,0,0,0
256H2,WO,0,0,0,0,0,0,0,0,0
256I0,WO,0,0,0,0,0,0,0,0,0
256J0,WO,0,0,0,0,0,0,0,0,0
256K0,WO,0,0,0,0,0,0,0,0,0
256L0,WO,0,0,0,0,0,0,0,0,0
256M0,WO,0,0,0,0,0,0,0,0,0
256N1,WO,0,0,0,0,0,0,0,0,0
256N2,WO,0,0,0,0,0,0,0,0,0
256O1,WO,0,0,0,0,0,0,0,0,0
256O2,WO,0,0,0,0,0,0,0,0,0
256P0,WO,0,0,0,0,0,0,0,0,0
256Q0,WO,0,0,0,0,0,0,0,0,0
256R0,WO,0,0,0,0,0,0,0,0,0
256S0,WO,0,0,0,0,0,0,0,0,0
256T0,WO,0,0,0,0,0,0,0,0,0
256U0,WO,0,0,0,0,0,0,0,0,0
25631,NG,0,0,0,0,0,0,0,0,0
25632,NG,0,0,0,0,0,0,0,0,0
257A1,WO,0,0,0,0,0,0,0,0,0
257A2,WO,0,0,0,0,0,0,0,0,0
257A3,WO,0,0,0,0,0,0,0,0,0
257A4,WO,0,0,0,0,0,0,0,0,0
257A5,WO,0,0,0,0,0,0,0,0,0
257A6,WO,0,0,0,0,0,0,0,0,0
257A7,WO,0,0,0,0,0,0,0,0,0
257B0,WO,0,0,0,0,0,0,0,0,0
257C1,WO,0,0,0,0,0,0,0,0,0
257C2,WO,0,0,0,0,0,0,0,0,0
257C3,WO,0,0,0,0,0,0,0,0,0
257D1,WO,0,0,0,0,0,0,0,0,0
257D2,WO,0,0,0,0,0,0,0,0,0
257D3,WO,0,0,0,0,0,0,0,0,0
257D4,WO,0,0,0,0,0,0,0,0,0
257D5,WO,0,0,0,0,0,0,0,0,0
257E1,WO,0,0,0,0,0,0,0,0,0
257E2,WO,0,0,0,0,0,0,0,0,0
257E3,WO,0,0,0,0,0,0,0,0,0
257E4,WO,0,0,0,0,0,0,0,0,0
257E5,WO,0,0,0,0,0,0,0,0,0
257E6,WO,0,0,0,0,0,0,0,0,0
257E7,WO,0,0,0,0,0,0,0,0,0
257F1,WO,0,0,0,0,0,0,0,0,0
257F2,WO,0,0,0,0,0,0,0,0,0
257F3,WO,0,0,0,0,0,0,0,0,0
257G0,WO,0,0,0,0,0,0,0,0,0
257H1,WO,0,0,0,0,0,0,0,0,0
257H2,WO,0,0,0,0,0,0,0,0,0
257I1,WO,0,0,0,0,0,0,0,0,0
257I2,WO,0,0,0,0,0,0,0,0,0
257I3,WO,0,0,0,0,0,0,0,0,0
257J1,WO,0,0,0,0,0,0,0,0,0
257J2,WO,0,0,0,0,0,0,0,0,0
257K1,WO,0,0,0,0,0,0,0,0,0
257K2,WO,0,0,0,0,0,0,0,0,0
257L1,WO,0,0,0,0,0,0,0,0,0
257L2,WO,0,0,0,0,0,0,0,0,0
257M1,WO,0,0,0,0,0,0,0,0,0
257M2,WO,0,0,0,0,0,0,0,0,0
257M3,WO,0,0,0,0,0,0,0,0,0
257M4,WO,0,0,0,0,0,0,0,0,0
257N1,WO,0,0,0,0,0,0,0,0,0
257N2,WO,0,0,0,0,0,0,0,0,0
257O1,WO,0,0,0,0,0,0,0,0,0
257O2,WO,0,0,0,0,0,0,0,0,0
257O3,WO,0,0,0,0,0,0,0,0,0
257P1,WO,0,0,0,0,0,0,0,0,0
257P2,WO,0,0,0,0,0,0,0,0,0
257Q1,WO,0,0,0,0,0,0,0,0,0
257Q2,WO,0,0,0,0,0,0,0,0,0
257R1,WO,0,0,0,0,0,0,0,0,0
257R2,WO,0,0,0,0,0,0,0,0,0
257R3,WO,0,0,0,0,0,0,0,0,0
257S1,WO,0,0,0,0,0,0,0,0,0
257S2,WO,0,0,0,0,0,0,0,0,0
257S3,WO,0,0,0,0,0,0,0,0,0
257T1,WO,0,0,0,0,0,0,0,0,0
257T2,WO,0,0,0,0,0,0,0,0,0
257T3,WO,0,0,0,0,0,0,0,0,0
257U0,WO,0,0,0,0,0,0,0,0,0
257V1,WO,0,0,0,0,0,0,0,0,0
257V2,WO,0,0,0,0,0,0,0,0,0
257W1,WO,0,0,0,0,0,0,0,0,0
257W2,WO,0,0,0,0,0,0,0,0,0
257W3,WO,0,0,0,0,0,0,0,0,0
257X0,WO,0,0,0,0,0,0,0,0,0
25731,NG,0,0,0,0,0,0,0,0,0
25732,NG,0,0,0,0,0,0,0,0,0
25733,NG,0,0,0,0,0,0,0,0,0
25741,NG,0,0,0,0,0,0,0,0,0
258A1,WO,0,0,0,0,0,0,0,0,0
258A2,WO,0,0,0,0,0,0,0,0,0
258B0,WO,0,0,0,0,0,0,0,0,0
258C1,WO,0,0,0,0,0,0,0,0,0
258C2,WO,0,0,0,0,0,0,0,0,0
258D1,WO,0,0,0,0,0,0,0,0,0
258D2,WO,0,0,0,0,0,0,0,0,0
258D3,WO,0,0,0,0,0,0,0,0,0
258E1,WO,0,0,0,0,0,0,0,0,0
258E2,WO,0,0,0,0,0,0,0,0,0
258F1,WO,0,0,0,0,0,0,0,0,0
258F2,WO,0,0,0,0,0,0,0,0,0
258F3,WO,0,0,0,0,0,0,0,0,0
258F4,WO,0,0,0,0,0,0,0,0,0
258F5,WO,0,0,0,0,0,0,0,0,0
258F6,WO,0,0,0,0,0,0,0,0,0
258G1,WO,0,0,0,0,0,0,0,0,0
258G2,WO,0,0,0,0,0,0,0,0,0
258G3,WO,0,0,0,0,0,0,0,0,0
258G4,WO,0,0,0,0,0,0,0,0,0
258H1,WO,0,0,0,0,0,0,0,0,0
258H2,WO,0,0,0,0,0,0,0,0,0
258H3,WO,0,0,0,0,0,0,0,0,0
258I0,WO,0,0,0,0,0,0,0,0,0
258J1,WO,0,0,0,0,0,0,0,0,0
258J2,WO,0,0,0,0,0,0,0,0,0
258K1,WO,0,0,0,0,0,0,0,0,0
258K2,WO,0,0,0,0,0,0,0,0,0
258K3,WO,0,0,0,0,0,0,0,0,0
258K4,WO,0,0,0,0,0,0,0,0,0
258L1,WO,0,0,0,0,0,0,0,0,0
258L2,WO,0,0,0,0,0,0,0,0,0
258M1,WO,0,0,0,0,0,0,0,0,0
258M2,WO,0,0,0,0,0,0,0,0,0
258M3,WO,0,0,0,0,0,0,0,0,0
258M4,WO,0,0,0,0,0,0,0,0,0
258M5,WO,0,0,0,0,0,0,0,0,0
258M6,WO,0,0,0,0,0,0,0,0,0
258N1,WO,0,0,0,0,0,0,0,0,0
258N2,WO,0,0,0,0,0,0,0,0,0
258N3,WO,0,0,0,0,0,0,0,0,0
258O1,WO,0,0,0,0,0,0,0,0,0
258O2,WO,0,0,0,0,0,0,0,0,0
258O3,WO,0,0,0,0,0,0,0,0,0
258P1,WO,0,0,0,0,0,0,0,0,0
258P2,WO,0,0,0,0,0,0,0,0,0
258Q1,WO,0,0,0,0,0,0,0,0,0
258Q2,WO,0,0,0,0,0,0,0,0,0
258Q3,WO,0,0,0,0,0,0,0,0,0
258R1,WO,0,0,0,0,0,0,0,0,0
258R2,WO,0,0,0,0,0,0,0,0,0
258S1,WO,0,0,0,0,0,0,0,0,0
258S2,WO,0,0,0,0,0,0,0,0,0
258S3,WO,0,0,0,0,0,0,0,0,0
25811,NG,0,0,0,0,0,0,0,0,0
25831,NG,0,0,0,0,0,0,0,0,0
25832,NG,0,0,0,0,0,0,0,0,0
25841,NG,0,0,0,0,0,0,0,0,0
25842,NG,0,0,0,0,0,0,0,0,0
25843,NG,0,0,0,0,0,0,0,0,0
701A0,WO,0,0,0,0,0,0,0,0,0
701B1,WO,0,0,0,0,0,0,0,0,0
701B2,WO,0,0,0,0,0,0,0,0,0
701B3,WO,0,0,0,0,0,0,0,0,0
70131,NG,0,0,0,0,0,0,0,0,0
702A1,WO,0,0,0,0,0,0,0,0,0
702A2,WO,0,0,0,0,0,0,0,0,0
702A3,WO,0,0,0,0,0,0,0,0,0
702A4,WO,0,0,0,0,0,0,0,0,0
702B1,WO,0,0,0,0,0,0,0,0,0
702B2,WO,0,0,0,0,0,0,0,0,0
702B3,WO,0,0,0,0,0,0,0,0,0
702B4,WO,0,0,0,0,0,0,0,0,0
702B5,WO,0,0,0,0,0,0,0,0,0
702C1,WO,0,0,0,0,0,0,0,0,0
702C2,WO,0,0,0,0,0,0,0,0,0
702C3,WO,0,0,0,0,0,0,0,0,0
702C4,WO,0,0,0,0,0,0,0,0,0
702D1,WO,0,0,0,0,0,0,0,0,0
702D2,WO,0,0,0,0,0,0,0,0,0
702E1,WO,0,0,0,0,0,0,0,0,0
702E2,WO,0,0,0,0,0,0,0,0,0
702E3,WO,0,0,0,0,0,0,0,0,0
702E4,WO,0,0,0,0,0,0,0,0,0
70231,NG,0,0,0,0,0,0,0,0,0
70241,NG,0,0,0,0,0,0,0,0,0
70242,NG,0,0,0,0,0,0,0,0,0
703A1,WO,0,0,0,0,0,0,0,0,0
703A2,WO,0,0,0,0,0,0,0,0,0
703A3,WO,0,0,0,0,0,0,0,0,0
703A4,WO,0,0,0,0,0,0,0,0,0
703A5,WO,0,0,0,0,0,0,0,0,0
703A6,WO,0,0,0,0,0,0,0,0,0
703B1,WO,0,0,0,0,0,0,0,0,0
703B2,WO,0,0,0,0,0,0,0,0,0
703B3,WO,0,0,0,0,0,0,0,0,0
703B4,WO,0,0,0,0,0,0,0,0,0
703B5,WO,0,0,0,0,0,0,0,0,0
703C1,WO,0,0,0,0,0,0,0,0,0
703C2,WO,0,0,0,0,0,0,0,0,0
703C3,WO,0,0,0,0,0,0,0,0,0
703C4,WO,0,0,0,0,0,0,0,0,0
703C5,WO,0,0,0,0,0,0,0,0,0
703C6,WO,0,0,0,0,0,0,0,0,0
703C7,WO,0,0,0,0,0,0,0,0,0
703D1,WO,0,0,0,0,0,0,0,0,0
703D2,WO,0,0,0,0,0,0,0,0,0
703D3,WO,0,0,0,0,0,0,0,0,0
703D4,WO,0,0,0,0,0,0,0,0,0
703E1,WO,0,0,0,0,0,0,0,0,0
703E2,WO,0,0,0,0,0,0,0,0,0
703E3,WO,0,0,0,0,0,0,0,0,0
703E4,WO,0,0,0,0,0,0,0,0,0
70331,NG,0,0,0,0,0,0,0,0,0
70341,NG,0,0,0,0,0,0,0,0,0
704A1,WO,0,0,0,0,0,0,0,0,0
704A2,WO,0,0,0,0,0,0,0,0,0
704A3,WO,0,0,0,0,0,0,0,0,0
704B1,WO,0,0,0,0,0,0,0,0,0
704B2,WO,0,0,0,0,0,0,0,0,0
704B3,WO,0,0,0,0,0,0,0,0,0
704B4,WO,0,0,0,0,0,0,0,0,0
704B5,WO,0,0,0,0,0,0,0,0,0
704C1,WO,0,0,0,0,0,0,0,0,0
704C2,WO,0,0,0,0,0,0,0,0,0
704D1,WO,0,0,0,0,0,0,0,0,0
704D2,WO,0,0,0,0,0,0,0,0,0
704E1,WO,0,0,0,0,0,0,0,0,0
704E2,WO,0,0,0,0,0,0,0,0,0
704E3,WO,0,0,0,0,0,0,0,0,0
704E4,WO,0,0,0,0,0,0,0,0,0
704E5,WO,0,0,0,0,0,0,0,0,0
704E6,WO,0,0,0,0,0,0,0,0,0
704E7,WO,0,0,0,0,0,0,0,0,0
704F1,WO,0,0,0,0,0,0,0,0,0
704F2,WO,0,0,0,0,0,0,0,0,0
704G1,WO,0,0,0,0,0,0,0,0,0
704G2,WO,0,0,0,0,0,0,0,0,0
704G3,WO,0,0,0,0,0,0,0,0,0
704G4,WO,0,0,0,0,0,0,0,0,0
704G5,WO,0,0,0,0,0,0,0,0,0
70431,NG,0,0,0,0,0,0,0,0,0
70491,NG,0,0,0,0,0,0,0,0,0
705A1,WO,0,0,0,0,0,0,0,0,0
705A2,WO,0,0,0,0,0,0,0,0,0
705A3,WO,0,0,0,0,0,0,0,0,0
705B1,WO,0,0,0,0,0,0,0,0,0
705B2,WO,0,0,0,0,0,0,0,0,0
705B3,WO,0,0,0,0,0,0,0,0,0
705B4,WO,0,0,0,0,0,0,0,0,0
705B5,WO,0,0,0,0,0,0,0,0,0
705B6,WO,0,0,0,0,0,0,0,0,0
705B7,WO,0,0,0,0,0,0,0,0,0
705C1,WO,0,0,0,0,0,0,0,0,0
705C2,WO,0,0,0,0,0,0,0,0,0
705D1,WO,0,0,0,0,0,0,0,0,0
705D2,WO,0,0,0,0,0,0,0,0,0
705D3,WO,0,0,0,0,0,0,0,0,0
705D4,WO,0,0,0,0,0,0,0,0,0
705E0,WO,0,0,0,0,0,0,0,0,0
705F1,WO,0,0,0,0,0,0,0,0,0
705F2,WO,0,0,0,0,0,0,0,0,0
70531,NG,0,0,0,0,0,0,0,0,0
70541,NG,0,0,0,0,0,0,0,0,0
70591,NG,0,0,0,0,0,0,0,0,0
706A1,WO,0,0,0,0,0,0,0,0,0
706A2,WO,0,0,0,0,0,0,0,0,0
706A3,WO,0,0,0,0,0,0,0,0,0
706A4,WO,0,0,0,0,0,0,0,0,0
706A5,WO,0,0,0,0,0,0,0,0,0
706A6,WO,0,0,0,0,0,0,0,0,0
706B0,WO,0,0,0,0,0,0,0,0,0
706C1,WO,0,0,0,0,0,0,0,0,0
706C2,WO,0,0,0,0,0,0,0,0,0
706D0,WO,0,0,0,0,0,0,0,0,0
706E0,WO,0,0,0,0,0,0,0,0,0
706F0,WO,0,0,0,0,0,0,0,0,0
706G0,WO,0,0,0,0,0,0,0,0,0
706H0,WO,0,0,0,0,0,0,0,0,0
70631,NG,0,0,0,0,0,0,0,0,0
70641,NG,0,0,0,0,0,0,0,0,0
70642,NG,0,0,0,0,0,0,0,0,0
707A1,WO,0,0,0,0,0,0,0,0,0
707A2,WO,0,0,0,0,0,0,0,0,0
707A3,WO,0,0,0,0,0,0,0,0,0
707A4,WO,0,0,0,0,0,0,0,0,0
707A5,WO,0,0,0,0,0,0,0,0,0
707B1,WO,0,0,0,0,0,0,0,0,0
707B2,WO,0,0,0,0,0,0,0,0,0
707C1,WO,0,0,0,0,0,0,0,0,0
707C2,WO,0,0,0,0,0,0,0,0,0
707C3,WO,0,0,0,0,0,0,0,0,0
707D1,WO,0,0,0,0,0,0,0,0,0
707D2,WO,0,0,0,0,0,0,0,0,0
707D3,WO,0,0,0,0,0,0,0,0,0
707D4,WO,0,0,0,0,0,0,0,0,0
707E1,WO,0,0,0,0,0,0,0,0,0
707E2,WO,0,0,0,0,0,0,0,0,0
707E3,WO,0,0,0,0,0,0,0,0,0
707E4,WO,0,0,0,0,0,0,0,0,0
707F0,WO,0,0,0,0,0,0,0,0,0
70731,NG,0,0,0,0,0,0,0,0,0
70741,NG,0,0,0,0,0,0,0,0,0
708A1,WO,0,0,0,0,0,0,0,0,0
708A2,WO,0,0,0,0,0,0,0,0,0
708A3,WO,0,0,0,0,0,0,0,0,0
708A4,WO,0,0,0,0,0,0,0,0,0
708A5,WO,0,0,0,0,0,0,0,0,0
708A6,WO,0,0,0,0,0,0,0,0,0
708A7,WO,0,0,0,0,0,0,0,0,0
708B1,WO,0,0,0,0,0,0,0,0,0
708B2,WO,0,0,0,0,0,0,0,0,0
708C1,WO,0,0,0,0,0,0,0,0,0
708C2,WO,0,0,0,0,0,0,0,0,0
708C3,WO,0,0,0,0,0,0,0,0,0
708D1,WO,0,0,0,0,0,0,0,0,0
708D2,WO,0,0,0,0,0,0,0,0,0
708D3,WO,0,0,0,0,0,0,0,0,0
70831,NG,0,0,0,0,0,0,0,0,0
70841,NG,0,0,0,0,0,0,0,0,0
70851,NG,0,0,0,0,0,0,0,0,0
70891,NG,0,0,0,0,0,0,0,0,0
709A1,WO,0,0,0,0,0,0,0,0,0
709A2,WO,0,0,0,0,0,0,0,0,0
709A3,WO,0,0,0,0,0,0,0,0,0
709B1,WO,0,0,0,0,0,0,0,0,0
709B2,WO,0,0,0,0,0,0,0,0,0
709B3,WO,0,0,0,0,0,0,0,0,0
709C0,WO,0,0,0,0,0,0,0,0,0
709D0,WO,0,0,0,0,0,0,0,0,0
709E1,WO,0,0,0,0,0,0,0,0,0
709E2,WO,0,0,0,0,0,0,0,0,0
709F0,WO,0,0,0,0,0,0,0,0,0
70931,NG,0,0,0,0,0,0,0,0,0
70932,NG,0,0,0,0,0,0,0,0,0
70941,NG,0,0,0,0,0,0,0,0,0
70951,NG,0,0,0,0,0,0,0,0,0
710A1,WO,0,0,0,0,0,0,0,0,0
710A2,WO,0,0,0,0,0,0,0,0,0
710B1,WO,0,0,0,0,0,0,0,0,0
710B2,WO,0,0,0,0,0,0,0,0,0
710B3,WO,0,0,0,0,0,0,0,0,0
710B4,WO,0,0,0,0,0,0,0,0,0
710C0,WO,0,0,0,0,0,0,0,0,0
710D1,WO,0,0,0,0,0,0,0,0,0
710D2,WO,0,0,0,0,0,0,0,0,0
710D3,WO,0,0,0,0,0,0,0,0,0
71031,NG,0,0,0,0,0,0,0,0,0
71041,NG,0,0,0,0,0,0,0,0,0
711A1,WO,0,0,0,0,0,0,0,0,0
711A2,WO,0,0,0,0,0,0,0,0,0
711A3,WO,0,0,0,0,0,0,0,0,0
711B1,WO,0,0,0,0,0,0,0,0,0
711B2,WO,0,0,0,0,0,0,0,0,0
711B3,WO,0,0,0,0,0,0,0,0,0
711C1,WO,0,0,0,0,0,0,0,0,0
711C2,WO,0,0,0,0,0,0,0,0,0
711D1,WO,0,0,0,0,0,0,0,0,0
711D2,WO,0,0,0,0,0,0,0,0,0
711D3,WO,0,0,0,0,0,0,0,0,0
711D4,WO,0,0,0,0,0,0,0,0,0
711E1,WO,0,0,0,0,0,0,0,0,0
711E2,WO,0,0,0,0,0,0,0,0,0
711E3,WO,0,0,0,0,0,0,0,0,0
711F1,WO,0,0,0,0,0,0,0,0,0
711F2,WO,0,0,0,0,0,0,0,0,0
711F3,WO,0,0,0,0,0,0,0,0,0
71131,NG,0,0,0,0,0,0,0,0,0
71141,NG,0,0,0,0,0,0,0,0,0
71142,NG,0,0,0,0,0,0,0,0,0
712A1,WO,0,0,0,0,0,0,0,0,0
712A2,WO,0,0,0,0,0,0,0,0,0
712A3,WO,0,0,0,0,0,0,0,0,0
712B1,WO,0,0,0,0,0,0,0,0,0
712B2,WO,0,0,0,0,0,0,0,0,0
712C1,WO,0,0,0,0,0,0,0,0,0
712C2,WO,0,0,0,0,0,0,0,0,0
712D1,WO,0,0,0,0,0,0,0,0,0
712D2,WO,0,0,0,0,0,0,0,0,0
712D3,WO,0,0,0,0,0,0,0,0,0
712E1,WO,0,0,0,0,0,0,0,0,0
712E2,WO,0,0,0,0,0,0,0,0,0
71241,NG,0,0,0,0,0,0,0,0,0
713A1,WO,0,0,0,0,0,0,0,0,0
713A2,WO,0,0,0,0,0,0,0,0,0
713A3,WO,0,0,0,0,0,0,0,0,0
713A4,WO,0,0,0,0,0,0,0,0,0
713B1,WO,0,0,0,0,0,0,0,0,0
713B2,WO,0,0,0,0,0,0,0,0,0
713C1,WO,0,0,0,0,0,0,0,0,0
713C2,WO,0,0,0,0,0,0,0,0,0
713D1,WO,0,0,0,0,0,0,0,0,0
713D2,WO,0,0,0,0,0,0,0,0,0
713D3,WO,0,0,0,0,0,0,0,0,0
713E1,WO,0,0,0,0,0,0,0,0,0
713E2,WO,0,0,0,0,0,0,0,0,0
713E3,WO,0,0,0,0,0,0,0,0,0
713E4,WO,0,0,0,0,0,0,0,0,0
713F1,WO,0,0,0,0,0,0,0,0,0
713F2,WO,0,0,0,0,0,0,0,0,0
713F3,WO,0,0,0,0,0,0,0,0,0
713F4,WO,0,0,0,0,0,0,0,0,0
713G1,WO,0,0,0,0,0,0,0,0,0
713G2,WO,0,0,0,0,0,0,0,0,0
713G3,WO,0,0,0,0,0,0,0,0,0
713H0,WO,0,0,0,0,0,0,0,0,0
713I0,WO,0,0,0,0,0,0,0,0,0
713J1,WO,0,0,0,0,0,0,0,0,0
713J2,WO,0,0,0,0,0,0,0,0,0
71311,NG,0,0,0,0,0,0,0,0,0
714A1,WO,0,0,0,0,0,0,0,0,0
714A2,WO,0,0,0,0,0,0,0,0,0
714A3,WO,0,0,0,0,0,0,0,0,0
714B1,WO,0,0,0,0,0,0,0,0,0
714B2,WO,0,0,0,0,0,0,0,0,0
714B3,WO,0,0,0,0,0,0,0,0,0
714B4,WO,0,0,0,0,0,0,0,0,0
714B5,WO,0,0,0,0,0,0,0,0,0
714C1,WO,0,0,0,0,0,0,0,0,0
714C2,WO,0,0,0,0,0,0,0,0,0
714D1,WO,0,0,0,0,0,0,0,0,0
714D2,WO,0,0,0,0,0,0,0,0,0
714D3,WO,0,0,0,0,0,0,0,0,0
714D4,WO,0,0,0,0,0,0,0,0,0
714D5,WO,0,0,0,0,0,0,0,0,0
714E0,WO,0,0,0,0,0,0,0,0,0
71431,NG,0,0,0,0,0,0,0,0,0
715A1,WO,0,0,0,0,0,0,0,0,0
715A2,WO,0,0,0,0,0,0,0,0,0
715A3,WO,0,0,0,0,0,0,0,0,0
715A4,WO,0,0,0,0,0,0,0,0,0
715B1,WO,0,0,0,0,0,0,0,0,0
715B2,WO,0,0,0,0,0,0,0,0,0
715B3,WO,0,0,0,0,0,0,0,0,0
715C1,WO,0,0,0,0,0,0,0,0,0
715C2,WO,0,0,0,0,0,0,0,0,0
715C3,WO,0,0,0,0,0,0,0,0,0
715D1,WO,0,0,0,0,0,0,0,0,0
715D2,WO,0,0,0,0,0,0,0,0,0
715D3,WO,0,0,0,0,0,0,0,0,0
715E1,WO,0,0,0,0,0,0,0,0,0
715E2,WO,0,0,0,0,0,0,0,0,0
715E3,WO,0,0,0,0,0,0,0,0,0
715F1,WO,0,0,0,0,0,0,0,0,0
715F2,WO,0,0,0,0,0,0,0,0,0
715F3,WO,0,0,0,0,0,0,0,0,0
715F4,WO,0,0,0,0,0,0,0,0,0
715X0,WO,0,0,0,0,0,0,0,0,0
71531,NG,0,0,0,0,0,0,0,0,0
71541,NG,0,0,0,0,0,0,0,0,0
71542,NG,0,0,0,0,0,0,0,0,0
716A1,WO,0,0,0,0,0,0,0,0,0
716A2,WO,0,0,0,0,0,0,0,0,0
716B1,WO,0,0,0,0,0,0,0,0,0
716B2,WO,0,0,0,0,0,0,0,0,0
716B3,WO,0,0,0,0,0,0,0,0,0
716B4,WO,0,0,0,0,0,0,0,0,0
716B5,WO,0,0,0,0,0,0,0,0,0
716C1,WO,0,0,0,0,0,0,0,0,0
716C2,WO,0,0,0,0,0,0,0,0,0
716C3,WO,0,0,0,0,0,0,0,0,0
716C4,WO,0,0,0,0,0,0,0,0,0
716D1,WO,0,0,0,0,0,0,0,0,0
716D2,WO,0,0,0,0,0,0,0,0,0
716D3,WO,0,0,0,0,0,0,0,0,0
716D4,WO,0,0,0,0,0,0,0,0,0
716E1,WO,0,0,0,0,0,0,0,0,0
716E2,WO,0,0,0,0,0,0,0,0,0
716E3,WO,0,0,0,0,0,0,0,0,0
716F1,WO,0,0,0,0,0,0,0,0,0
716F2,WO,0,0,0,0,0,0,0,0,0
716F3,WO,0,0,0,0,0,0,0,0,0
716F4,WO,0,0,0,0,0,0,0,0,0
716F5,WO,0,0,0,0,0,0,0,0,0
716G1,WO,0,0,0,0,0,0,0,0,0
716G2,WO,0,0,0,0,0,0,0,0,0
716G3,WO,0,0,0,0,0,0,0,0,0
716H1,WO,0,0,0,0,0,0,0,0,0
716H2,WO,0,0,0,0,0,0,0,0,0
716H3,WO,0,0,0,0,0,0,0,0,0
716I1,WO,0,0,0,0,0,0,0,0,0
716I2,WO,0,0,0,0,0,0,0,0,0
716I3,WO,0,0,0,0,0,0,0,0,0
716I4,WO,0,0,0,0,0,0,0,0,0
716J0,WO,0,0,0,0,0,0,0,0,0
716K1,WO,0,0,0,0,0,0,0,0,0
716K2,WO,0,0,0,0,0,0,0,0,0
716L1,WO,0,0,0,0,0,0,0,0,0
716L2,WO,0,0,0,0,0,0,0,0,0
716L3,WO,0,0,0,0,0,0,0,0,0
716L4,WO,0,0,0,0,0,0,0,0,0
716L5,WO,0,0,0,0,0,0,0,0,0
716M1,WO,0,0,0,0,0,0,0,0,0
716M2,WO,0,0,0,0,0,0,0,0,0
716M3,WO,0,0,0,0,0,0,0,0,0
71631,NG,0,0,0,0,0,0,0,0,0
71632,NG,0,0,0,0,0,0,0,0,0
71641,NG,0,0,0,0,0,0,0,0,0
71642,NG,0,0,0,0,0,0,0,0,0
71643,NG,0,0,0,0,0,0,0,0,0
717A1,WO,0,0,0,0,0,0,0,0,0
717A2,WO,0,0,0,0,0,0,0,0,0
717A3,WO,0,0,0,0,0,0,0,0,0
717A4,WO,0,0,0,0,0,0,0,0,0
717B0,WO,0,0,0,0,0,0,0,0,0
71731,NG,0,0,0,0,0,0,0,0,0
71741,NG,0,0,0,0,0,0,0,0,0
71742,NG,0,0,0,0,0,0,0,0,0
718A1,WO,0,0,0,0,0,0,0,0,0
718A2,WO,0,0,0,0,0,0,0,0,0
718A3,WO,0,0,0,0,0,0,0,0,0
718A4,WO,0,0,0,0,0,0,0,0,0
718B0,WO,0,0,0,0,0,0,0,0,0
718C1,WO,0,0,0,0,0,0,0,0,0
718C2,WO,0,0,0,0,0,0,0,0,0
718C3,WO,0,0,0,0,0,0,0,0,0
718C4,WO,0,0,0,0,0,0,0,0,0
718D1,WO,0,0,0,0,0,0,0,0,0
718D2,WO,0,0,0,0,0,0,0,0,0
718D3,WO,0,0,0,0,0,0,0,0,0
718D4,WO,0,0,0,0,0,0,0,0,0
718E1,WO,0,0,0,0,0,0,0,0,0
718E2,WO,0,0,0,0,0,0,0,0,0
718F0,WO,0,0,0,0,0,0,0,0,0
71831,NG,0,0,0,0,0,0,0,0,0
719A1,WO,0,0,0,0,0,0,0,0,0
719A2,WO,0,0,0,0,0,0,0,0,0
719A3,WO,0,0,0,0,0,0,0,0,0
719A4,WO,0,0,0,0,0,0,0,0,0
719A5,WO,0,0,0,0,0,0,0,0,0
719A6,WO,0,0,0,0,0,0,0,0,0
719B1,WO,0,0,0,0,0,0,0,0,0
719B2,WO,0,0,0,0,0,0,0,0,0
719B3,WO,0,0,0,0,0,0,0,0,0
719C1,WO,0,0,0,0,0,0,0,0,0
719C2,WO,0,0,0,0,0,0,0,0,0
719C3,WO,0,0,0,0,0,0,0,0,0
719C4,WO,0,0,0,0,0,0,0,0,0
719C5,WO,0,0,0,0,0,0,0,0,0
719C6,WO,0,0,0,0,0,0,0,0,0
719D1,WO,0,0,0,0,0,0,0,0,0
719D2,WO,0,0,0,0,0,0,0,0,0
719D3,WO,0,0,0,0,0,0,0,0,0
719D4,WO,0,0,0,0,0,0,0,0,0
719D5,WO,0,0,0,0,0,0,0,0,0
719E1,WO,0,0,0,0,0,0,0,0,0
719E2,WO,0,0,0,0,0,0,0,0,0
719E3,WO,0,0,0,0,0,0,0,0,0
719F1,WO,0,0,0,0,0,0,0,0,0
719F2,WO,0,0,0,0,0,0,0,0,0
719F3,WO,0,0,0,0,0,0,0,0,0
719G1,WO,0,0,0,0,0,0,0,0,0
719G2,WO,0,0,0,0,0,0,0,0,0
719G3,WO,0,0,0,0,0,0,0,0,0
71931,NG,0,0,0,0,0,0,0,0,0
71941,NG,0,0,0,0,0,0,0,0,0
720A1,WO,0,0,0,0,0,0,0,0,0
720A2,WO,0,0,0,0,0,0,0,0,0
720A3,WO,0,0,0,0,0,0,0,0,0
720A4,WO,0,0,0,0,0,0,0,0,0
720A5,WO,0,0,0,0,0,0,0,0,0
720A6,WO,0,0,0,0,0,0,0,0,0
720B1,WO,0,0,0,0,0,0,0,0,0
720B2,WO,0,0,0,0,0,0,0,0,0
720B3,WO,0,0,0,0,0,0,0,0,0
720B4,WO,0,0,0,0,0,0,0,0,0
720C1,WO,0,0,0,0,0,0,0,0,0
720C2,WO,0,0,0,0,0,0,0,0,0
720C3,WO,0,0,0,0,0,0,0,0,0
720C4,WO,0,0,0,0,0,0,0,0,0
720D1,WO,0,0,0,0,0,0,0,0,0
720D2,WO,0,0,0,0,0,0,0,0,0
720E1,WO,0,0,0,0,0,0,0,0,0
720E2,WO,0,0,0,0,0,0,0,0,0
720E3,WO,0,0,0,0,0,0,0,0,0
720E4,WO,0,0,0,0,0,0,0,0,0
72031,NG,0,0,0,0,0,0,0,0,0
72041,NG,0,0,0,0,0,0,0,0,0
722A1,WO,0,0,0,0,0,0,0,0,0
722A2,WO,0,0,0,0,0,0,0,0,0
722A3,WO,0,0,0,0,0,0,0,0,0
722B1,WO,0,0,0,0,0,0,0,0,0
722B2,WO,0,0,0,0,0,0,0,0,0
722B3,WO,0,0,0,0,0,0,0,0,0
722B4,WO,0,0,0,0,0,0,0,0,0
722C1,WO,0,0,0,0,0,0,0,0,0
722C2,WO,0,0,0,0,0,0,0,0,0
722C3,WO,0,0,0,0,0,0,0,0,0
722C4,WO,0,0,0,0,0,0,0,0,0
722C5,WO,0,0,0,0,0,0,0,0,0
722D1,WO,0,0,0,0,0,0,0,0,0
722D2,WO,0,0,0,0,0,0,0,0,0
722D3,WO,0,0,0,0,0,0,0,0,0
722D4,WO,0,0,0,0,0,0,0,0,0
722E1,WO,0,0,0,0,0,0,0,0,0
722E2,WO,0,0,0,0,0,0,0,0,0
722F1,WO,0,0,0,0,0,0,0,0,0
722F2,WO,0,0,0,0,0,0,0,0,0
722F3,WO,0,0,0,0,0,0,0,0,0
722G1,WO,0,0,0,0,0,0,0,0,0
722G2,WO,0,0,0,0,0,0,0,0,0
722G3,WO,0,0,0,0,0,0,0,0,0
722G4,WO,0,0,0,0,0,0,0,0,0
72231,NG,0,0,0,0,0,0,0,0,0
72232,NG,0,0,0,0,0,0,0,0,0
723A1,WO,0,0,0,0,0,0,0,0,0
723A2,WO,0,0,0,0,0,0,0,0,0
723A3,WO,0,0,0,0,0,0,0,0,0
723B1,WO,0,0,0,0,0,0,0,0,0
723B2,WO,0,0,0,0,0,0,0,0,0
723B3,WO,0,0,0,0,0,0,0,0,0
723B4,WO,0,0,0,0,0,0,0,0,0
723C1,WO,0,0,0,0,0,0,0,0,0
723C2,WO,0,0,0,0,0,0,0,0,0
723C3,WO,0,0,0,0,0,0,0,0,0
723C4,WO,0,0,0,0,0,0,0,0,0
723C5,WO,0,0,0,0,0,0,0,0,0
723D1,WO,0,0,0,0,0,0,0,0,0
723D2,WO,0,0,0,0,0,0,0,0,0
723D3,WO,0,0,0,0,0,0,0,0,0
723E1,WO,0,0,0,0,0,0,0,0,0
723E2,WO,0,0,0,0,0,0,0,0,0
723E3,WO,0,0,0,0,0,0,0,0,0
723F1,WO,0,0,0,0,0,0,0,0,0
723F2,WO,0,0,0,0,0,0,0,0,0
723F3,WO,0,0,0,0,0,0,0,0,0
723F4,WO,0,0,0,0,0,0,0,0,0
72331,NG,0,0,0,0,0,0,0,0,0
724A1,WO,0,0,0,0,0,0,0,0,0
724A2,WO,0,0,0,0,0,0,0,0,0
724A3,WO,0,0,0,0,0,0,0,0,0
724A4,WO,0,0,0,0,0,0,0,0,0
724B1,WO,0,0,0,0,0,0,0,0,0
724B2,WO,0,0,0,0,0,0,0,0,0
724B3,WO,0,0,0,0,0,0,0,0,0
724C1,WO,0,0,0,0,0,0,0,0,0
724C2,WO,0,0,0,0,0,0,0,0,0
724D1,WO,0,0,0,0,0,0,0,0,0
724D2,WO,0,0,0,0,0,0,0,0,0
724D3,WO,0,0,0,0,0,0,0,0,0
724D4,WO,0,0,0,0,0,0,0,0,0
724E1,WO,0,0,0,0,0,0,0,0,0
724E2,WO,0,0,0,0,0,0,0,0,0
72431,NG,0,0,0,0,0,0,0,0,0
725A1,WO,0,0,0,0,0,0,0,0,0
725A2,WO,0,0,0,0,0,0,0,0,0
725A3,WO,0,0,0,0,0,0,0,0,0
725A4,WO,0,0,0,0,0,0,0,0,0
725A5,WO,0,0,0,0,0,0,0,0,0
725A6,WO,0,0,0,0,0,0,0,0,0
725A7,WO,0,0,0,0,0,0,0,0,0
725B1,WO,0,0,0,0,0,0,0,0,0
725B2,WO,0,0,0,0,0,0,0,0,0
725B3,WO,0,0,0,0,0,0,0,0,0
725B4,WO,0,0,0,0,0,0,0,0,0
725C0,WO,0,0,0,0,0,0,0,0,0
725D1,WO,0,0,0,0,0,0,0,0,0
725D2,WO,0,0,0,0,0,0,0,0,0
725D3,WO,0,0,0,0,0,0,0,0,0
725D4,WO,0,0,0,0,0,0,0,0,0
725D5,WO,0,0,0,0,0,0,0,0,0
725E1,WO,0,0,0,0,0,0,0,0,0
725E2,WO,0,0,0,0,0,0,0,0,0
725E3,WO,0,0,0,0,0,0,0,0,0
725E4,WO,0,0,0,0,0,0,0,0,0
725E5,WO,0,0,0,0,0,0,0,0,0
725F1,WO,0,0,0,0,0,0,0,0,0
725F2,WO,0,0,0,0,0,0,0,0,0
725F3,WO,0,0,0,0,0,0,0,0,0
725F4,WO,0,0,0,0,0,0,0,0,0
725G1,WO,0,0,0,0,0,0,0,0,0
725G2,WO,0,0,0,0,0,0,0,0,0
725G3,WO,0,0,0,0,0,0,0,0,0
725H1,WO,0,0,0,0,0,0,0,0,0
725H2,WO,0,0,0,0,0,0,0,0,0
725H3,WO,0,0,0,0,0,0,0,0,0
725H4,WO,0,0,0,0,0,0,0,0,0
725I1,WO,0,0,0,0,0,0,0,0,0
725I2,WO,0,0,0,0,0,0,0,0,0
725I3,WO,0,0,0,0,0,0,0,0,0
725I4,WO,0,0,0,0,0,0,0,0,0
725J1,WO,0,0,0,0,0,0,0,0,0
725J2,WO,0,0,0,0,0,0,0,0,0
725K1,WO,0,0,0,0,0,0,0,0,0
725K2,WO,0,0,0,0,0,0,0,0,0
725K3,WO,0,0,0,0,0,0,0,0,0
725L0,WO,0,0,0,0,0,0,0,0,0
725M0,WO,0,0,0,0,0,0,0,0,0
725N0,WO,0,0,0,0,0,0,0,0,0
725O1,WO,0,0,0,0,0,0,0,0,0
725O2,WO,0,0,0,0,0,0,0,0,0
72531,NG,0,0,0,0,0,0,0,0,0
72541,NG,0,0,0,0,0,0,0,0,0
726A1,WO,0,0,0,0,0,0,0,0,0
726A2,WO,0,0,0,0,0,0,0,0,0
726A3,WO,0,0,0,0,0,0,0,0,0
726A4,WO,0,0,0,0,0,0,0,0,0
726B1,WO,0,0,0,0,0,0,0,0,0
726B2,WO,0,0,0,0,0,0,0,0,0
726B3,WO,0,0,0,0,0,0,0,0,0
726C1,WO,0,0,0,0,0,0,0,0,0
726C2,WO,0,0,0,0,0,0,0,0,0
726C3,WO,0,0,0,0,0,0,0,0,0
726D1,WO,0,0,0,0,0,0,0,0,0
726D2,WO,0,0,0,0,0,0,0,0,0
726D3,WO,0,0,0,0,0,0,0,0,0
726E1,WO,0,0,0,0,0,0,0,0,0
726E2,WO,0,0,0,0,0,0,0,0,0
726F1,WO,0,0,0,0,0,0,0,0,0
726F2,WO,0,0,0,0,0,0,0,0,0
726F3,WO,0,0,0,0,0,0,0,0,0
72631,NG,0,0,0,0,0,0,0,0,0
72641,NG,0,0,0,0,0,0,0,0,0
72691,NG,0,0,0,0,0,0,0,0,0
727A1,WO,0,0,0,0,0,0,0,0,0
727A2,WO,0,0,0,0,0,0,0,0,0
727B1,WO,0,0,0,0,0,0,0,0,0
727B2,WO,0,0,0,0,0,0,0,0,0
727B3,WO,0,0,0,0,0,0,0,0,0
727B4,WO,0,0,0,0,0,0,0,0,0
727B5,WO,0,0,0,0,0,0,0,0,0
727C1,WO,0,0,0,0,0,0,0,0,0
727C2,WO,0,0,0,0,0,0,0,0,0
727D1,WO,0,0,0,0,0,0,0,0,0
727D2,WO,0,0,0,0,0,0,0,0,0
727D3,WO,0,0,0,0,0,0,0,0,0
727E1,WO,0,0,0,0,0,0,0,0,0
727E2,WO,0,0,0,0,0,0,0,0,0
727E3,WO,0,0,0,0,0,0,0,0,0
727F1,WO,0,0,0,0,0,0,0,0,0
727F2,WO,0,0,0,0,0,0,0,0,0
727F3,WO,0,0,0,0,0,0,0,0,0
727G1,WO,0,0,0,0,0,0,0,0,0
727G2,WO,0,0,0,0,0,0,0,0,0
727G3,WO,0,0,0,0,0,0,0,0,0
727G4,WO,0,0,0,0,0,0,0,0,0
727H1,WO,0,0,0,0,0,0,0,0,0
727H2,WO,0,0,0,0,0,0,0,0,0
727H3,WO,0,0,0,0,0,0,0,0,0
727I1,WO,0,0,0,0,0,0,0,0,0
727I2,WO,0,0,0,0,0,0,0,0,0
727I3,WO,0,0,0,0,0,0,0,0,0
727J1,WO,0,0,0,0,0,0,0,0,0
727J2,WO,0,0,0,0,0,0,0,0,0
727K1,WO,0,0,0,0,0,0,0,0,0
727K2,WO,0,0,0,0,0,0,0,0,0
727K3,WO,0,0,0,0,0,0,0,0,0
727K4,WO,0,0,0,0,0,0,0,0,0
727K5,WO,0,0,0,0,0,0,0,0,0
72731,NG,0,0,0,0,0,0,0,0,0
728A1,WO,0,0,0,0,0,0,0,0,0
728A2,WO,0,0,0,0,0,0,0,0,0
728A3,WO,0,0,0,0,0,0,0,0,0
728B1,WO,0,0,0,0,0,0,0,0,0
728B2,WO,0,0,0,0,0,0,0,0,0
728B3,WO,0,0,0,0,0,0,0,0,0
728B4,WO,0,0,0,0,0,0,0,0,0
728C1,WO,0,0,0,0,0,0,0,0,0
728C2,WO,0,0,0,0,0,0,0,0,0
728C3,WO,0,0,0,0,0,0,0,0,0
728D1,WO,0,0,0,0,0,0,0,0,0
728D2,WO,0,0,0,0,0,0,0,0,0
728D3,WO,0,0,0,0,0,0,0,0,0
728E1,WO,0,0,0,0,0,0,0,0,0
728E2,WO,0,0,0,0,0,0,0,0,0
728E3,WO,0,0,0,0,0,0,0,0,0
72831,NG,0,0,0,0,0,0,0,0,0
72841,NG,0,0,0,0,0,0,0,0,0
72842,NG,0,0,0,0,0,0,0,0,0
729A1,WO,0,0,0,0,0,0,0,0,0
729A2,WO,0,0,0,0,0,0,0,0,0
729A3,WO,0,0,0,0,0,0,0,0,0
729A4,WO,0,0,0,0,0,0,0,0,0
729A5,WO,0,0,0,0,0,0,0,0,0
729B1,WO,0,0,0,0,0,0,0,0,0
729B2,WO,0,0,0,0,0,0,0,0,0
729B3,WO,0,0,0,0,0,0,0,0,0
729B4,WO,0,0,0,0,0,0,0,0,0
729C1,WO,0,0,0,0,0,0,0,0,0
729C2,WO,0,0,0,0,0,0,0,0,0
729C3,WO,0,0,0,0,0,0,0,0,0
729C4,WO,0,0,0,0,0,0,0,0,0
729C5,WO,0,0,0,0,0,0,0,0,0
729C6,WO,0,0,0,0,0,0,0,0,0
72931,NG,0,0,0,0,0,0,0,0,0
72932,NG,0,0,0,0,0,0,0,0,0
72941,NG,0,0,0,0,0,0,0,0,0
730A1,WO,0,0,0,0,0,0,0,0,0
730A2,WO,0,0,0,0,0,0,0,0,0
730A3,WO,0,0,0,0,0,0,0,0,0
730A4,WO,0,0,0,0,0,0,0,0,0
730A5,WO,0,0,0,0,0,0,0,0,0
730A6,WO,0,0,0,0,0,0,0,0,0
730B1,WO,0,0,0,0,0,0,0,0,0
730B2,WO,0,0,0,0,0,0,0,0,0
730B3,WO,0,0,0,0,0,0,0,0,0
730B4,WO,0,0,0,0,0,0,0,0,0
730B5,WO,0,0,0,0,0,0,0,0,0
730C1,WO,0,0,0,0,0,0,0,0,0
730C2,WO,0,0,0,0,0,0,0,0,0
730C3,WO,0,0,0,0,0,0,0,0,0
730C4,WO,0,0,0,0,0,0,0,0,0
730C5,WO,0,0,0,0,0,0,0,0,0
730C6,WO,0,0,0,0,0,0,0,0,0
730D1,WO,0,0,0,0,0,0,0,0,0
730D2,WO,0,0,0,0,0,0,0,0,0
73031,NG,0,0,0,0,0,0,0,0,0
73051,NG,0,0,0,0,0,0,0,0,0
73052,NG,0,0,0,0,0,0,0,0,0
732A1,WO,0,0,0,0,0,0,0,0,0
732A2,WO,0,0,0,0,0,0,0,0,0
732A3,WO,0,0,0,0,0,0,0,0,0
732A4,WO,0,0,0,0,0,0,0,0,0
732A5,WO,0,0,0,0,0,0,0,0,0
732B1,WO,0,0,0,0,0,0,0,0,0
732B2,WO,0,0,0,0,0,0,0,0,0
732B3,WO,0,0,0,0,0,0,0,0,0
732B4,WO,0,0,0,0,0,0,0,0,0
732B5,WO,0,0,0,0,0,0,0,0,0
732B6,WO,0,0,0,0,0,0,0,0,0
732C1,WO,0,0,0,0,0,0,0,0,0
732C2,WO,0,0,0,0,0,0,0,0,0
732C3,WO,0,0,0,0,0,0,0,0,0
732C4,WO,0,0,0,0,0,0,0,0,0
732C5,WO,0,0,0,0,0,0,0,0,0
732C6,WO,0,0,0,0,0,0,0,0,0
732D1,WO,0,0,0,0,0,0,0,0,0
732D2,WO,0,0,0,0,0,0,0,0,0
732D3,WO,0,0,0,0,0,0,0,0,0
732D4,WO,0,0,0,0,0,0,0,0,0
732D5,WO,0,0,0,0,0,0,0,0,0
732E1,WO,0,0,0,0,0,0,0,0,0
732E2,WO,0,0,0,0,0,0,0,0,0
732E3,WO,0,0,0,0,0,0,0,0,0
732F1,WO,0,0,0,0,0,0,0,0,0
732F2,WO,0,0,0,0,0,0,0,0,0
732F3,WO,0,0,0,0,0,0,0,0,0
732F4,WO,0,0,0,0,0,0,0,0,0
732F5,WO,0,0,0,0,0,0,0,0,0
732F6,WO,0,0,0,0,0,0,0,0,0
732G0,WO,0,0,0,0,0,0,0,0,0
732H1,WO,0,0,0,0,0,0,0,0,0
732H2,WO,0,0,0,0,0,0,0,0,0
732H3,WO,0,0,0,0,0,0,0,0,0
732H4,WO,0,0,0,0,0,0,0,0,0
732I0,WO,0,0,0,0,0,0,0,0,0
732J1,WO,0,0,0,0,0,0,0,0,0
732J2,WO,0,0,0,0,0,0,0,0,0
732J3,WO,0,0,0,0,0,0,0,0,0
732K1,WO,0,0,0,0,0,0,0,0,0
732K2,WO,0,0,0,0,0,0,0,0,0
732K3,WO,0,0,0,0,0,0,0,0,0
73231,NG,0,0,0,0,0,0,0,0,0
73241,NG,0,0,0,0,0,0,0,0,0
733A1,WO,0,0,0,0,0,0,0,0,0
733A2,WO,0,0,0,0,0,0,0,0,0
733A3,WO,0,0,0,0,0,0,0,0,0
733B1,WO,0,0,0,0,0,0,0,0,0
733B2,WO,0,0,0,0,0,0,0,0,0
733C1,WO,0,0,0,0,0,0,0,0,0
733C2,WO,0,0,0,0,0,0,0,0,0
733C3,WO,0,0,0,0,0,0,0,0,0
733D1,WO,0,0,0,0,0,0,0,0,0
733D2,WO,0,0,0,0,0,0,0,0,0
733D3,WO,0,0,0,0,0,0,0,0,0
733E0,WO,0,0,0,0,0,0,0,0,0
733F1,WO,0,0,0,0,0,0,0,0,0
733F2,WO,0,0,0,0,0,0,0,0,0
733F3,WO,0,0,0,0,0,0,0,0,0
73331,NG,0,0,0,0,0,0,0,0,0
73332,NG,0,0,0,0,0,0,0,0,0
734A1,WO,0,0,0,0,0,0,0,0,0
734A2,WO,0,0,0,0,0,0,0,0,0
734B1,WO,0,0,0,0,0,0,0,0,0
734B2,WO,0,0,0,0,0,0,0,0,0
734C1,WO,0,0,0,0,0,0,0,0,0
734C2,WO,0,0,0,0,0,0,0,0,0
734C3,WO,0,0,0,0,0,0,0,0,0
734D1,WO,0,0,0,0,0,0,0,0,0
734D2,WO,0,0,0,0,0,0,0,0,0
734D3,WO,0,0,0,0,0,0,0,0,0
734D4,WO,0,0,0,0,0,0,0,0,0
734E1,WO,0,0,0,0,0,0,0,0,0
734E2,WO,0,0,0,0,0,0,0,0,0
73431,NG,0,0,0,0,0,0,0,0,0
735A0,WO,0,0,0,0,0,0,0,0,0
735B1,WO,0,0,0,0,0,0,0,0,0
735B2,WO,0,0,0,0,0,0,0,0,0
735D0,WO,0,0,0,0,0,0,0,0,0
735E0,WO,0,0,0,0,0,0,0,0,0
73531,NG,0,0,0,0,0,0,0,0,0
736A1,WO,0,0,0,0,0,0,0,0,0
736A2,WO,0,0,0,0,0,0,0,0,0
736B1,WO,0,0,0,0,0,0,0,0,0
736B2,WO,0,0,0,0,0,0,0,0,0
736C1,WO,0,0,0,0,0,0,0,0,0
736C2,WO,0,0,0,0,0,0,0,0,0
736C3,WO,0,0,0,0,0,0,0,0,0
736D1,WO,0,0,0,0,0,0,0,0,0
736D2,WO,0,0,0,0,0,0,0,0,0
736D3,WO,0,0,0,0,0,0,0,0,0
736E0,WO,0,0,0,0,0,0,0,0,0
736F1,WO,0,0,0,0,0,0,0,0,0
736F2,WO,0,0,0,0,0,0,0,0,0
736F3,WO,0,0,0,0,0,0,0,0,0
736F4,WO,0,0,0,0,0,0,0,0,0
736F5,WO,0,0,0,0,0,0,0,0,0
736G1,WO,0,0,0,0,0,0,0,0,0
736G2,WO,0,0,0,0,0,0,0,0,0
736H1,WO,0,0,0,0,0,0,0,0,0
736H2,WO,0,0,0,0,0,0,0,0,0
73641,NG,0,0,0,0,0,0,0,0,0
737A1,WO,0,0,0,0,0,0,0,0,0
737A2,WO,0,0,0,0,0,0,0,0,0
737A3,WO,0,0,0,0,0,0,0,0,0
737A4,WO,0,0,0,0,0,0,0,0,0
737A5,WO,0,0,0,0,0,0,0,0,0
737B1,WO,0,0,0,0,0,0,0,0,0
737B2,WO,0,0,0,0,0,0,0,0,0
737B3,WO,0,0,0,0,0,0,0,0,0
737B4,WO,0,0,0,0,0,0,0,0,0
737C1,WO,0,0,0,0,0,0,0,0,0
737C2,WO,0,0,0,0,0,0,0,0,0
737D1,WO,0,0,0,0,0,0,0,0,0
737D2,WO,0,0,0,0,0,0,0,0,0
737E1,WO,0,0,0,0,0,0,0,0,0
737E2,WO,0,0,0,0,0,0,0,0,0
737E3,WO,0,0,0,0,0,0,0,0,0
737E4,WO,0,0,0,0,0,0,0,0,0
737F1,WO,0,0,0,0,0,0,0,0,0
737F2,WO,0,0,0,0,0,0,0,0,0
73731,NG,0,0,0,0,0,0,0,0,0
738A1,WO,0,0,0,0,0,0,0,0,0
738A2,WO,0,0,0,0,0,0,0,0,0
738A3,WO,0,0,0,0,0,0,0,0,0
738A4,WO,0,0,0,0,0,0,0,0,0
738A5,WO,0,0,0,0,0,0,0,0,0
738A6,WO,0,0,0,0,0,0,0,0,0
738A7,WO,0,0,0,0,0,0,0,0,0
738B1,WO,0,0,0,0,0,0,0,0,0
738B2,WO,0,0,0,0,0,0,0,0,0
738B3,WO,0,0,0,0,0,0,0,0,0
738B4,WO,0,0,0,0,0,0,0,0,0
738C1,WO,0,0,0,0,0,0,0,0,0
738C2,WO,0,0,0,0,0,0,0,0,0
738C3,WO,0,0,0,0,0,0,0,0,0
738D1,WO,0,0,0,0,0,0,0,0,0
738D2,WO,0,0,0,0,0,0,0,0,0
738D3,WO,0,0,0,0,0,0,0,0,0
738D4,WO,0,0,0,0,0,0,0,0,0
738E1,WO,0,0,0,0,0,0,0,0,0
738E2,WO,0,0,0,0,0,0,0,0,0
738E3,WO,0,0,0,0,0,0,0,0,0
738F1,WO,0,0,0,0,0,0,0,0,0
738F2,WO,0,0,0,0,0,0,0,0,0
738F3,WO,0,0,0,0,0,0,0,0,0
738F4,WO,0,0,0,0,0,0,0,0,0
738G1,WO,0,0,0,0,0,0,0,0,0
738G2,WO,0,0,0,0,0,0,0,0,0
738G3,WO,0,0,0,0,0,0,0,0,0
738G4,WO,0,0,0,0,0,0,0,0,0
738H1,WO,0,0,0,0,0,0,0,0,0
738H2,WO,0,0,0,0,0,0,0,0,0
738H3,WO,0,0,0,0,0,0,0,0,0
738I1,WO,0,0,0,0,0,0,0,0,0
738I2,WO,0,0,0,0,0,0,0,0,0
738I3,WO,0,0,0,0,0,0,0,0,0
738I4,WO,0,0,0,0,0,0,0,0,0
73831,NG,0,0,0,0,0,0,0,0,0
73832,NG,0,0,0,0,0,0,0,0,0
73841,NG,0,0,0,0,0,0,0,0,0
73842,NG,0,0,0,0,0,0,0,0,0
739A1,WO,0,0,0,0,0,0,0,0,0
739A2,WO,0,0,0,0,0,0,0,0,0
739A3,WO,0,0,0,0,0,0,0,0,0
739B1,WO,0,0,0,0,0,0,0,0,0
739B2,WO,0,0,0,0,0,0,0,0,0
739B3,WO,0,0,0,0,0,0,0,0,0
739C1,WO,0,0,0,0,0,0,0,0,0
739C2,WO,0,0,0,0,0,0,0,0,0
739D1,WO,0,0,0,0,0,0,0,0,0
739D2,WO,0,0,0,0,0,0,0,0,0
739E1,WO,0,0,0,0,0,0,0,0,0
739E2,WO,0,0,0,0,0,0,0,0,0
739E3,WO,0,0,0,0,0,0,0,0,0
739E4,WO,0,0,0,0,0,0,0,0,0
739E5,WO,0,0,0,0,0,0,0,0,0
739F1,WO,0,0,0,0,0,0,0,0,0
739F2,WO,0,0,0,0,0,0,0,0,0
739F3,WO,0,0,0,0,0,0,0,0,0
739F4,WO,0,0,0,0,0,0,0,0,0
739F5,WO,0,0,0,0,0,0,0,0,0
739G1,WO,0,0,0,0,0,0,0,0,0
739G2,WO,0,0,0,0,0,0,0,0,0
739G3,WO,0,0,0,0,0,0,0,0,0
739G4,WO,0,0,0,0,0,0,0,0,0
739G5,WO,0,0,0,0,0,0,0,0,0
739H1,WO,0,0,0,0,0,0,0,0,0
739H2,WO,0,0,0,0,0,0,0,0,0
739H3,WO,0,0,0,0,0,0,0,0,0
739H4,WO,0,0,0,0,0,0,0,0,0
739H5,WO,0,0,0,0,0,0,0,0,0
739I1,WO,0,0,0,0,0,0,0,0,0
739I2,WO,0,0,0,0,0,0,0,0,0
739I3,WO,0,0,0,0,0,0,0,0,0
739J0,WO,0,0,0,0,0,0,0,0,0
73931,NG,0,0,0,0,0,0,0,0,0
73932,NG,0,0,0,0,0,0,0,0,0
73941,NG,0,0,0,0,0,0,0,0,0
740A1,WO,0,0,0,0,0,0,0,0,0
740A2,WO,0,0,0,0,0,0,0,0,0
740B0,WO,0,0,0,0,0,0,0,0,0
740C0,WO,0,0,0,0,0,0,0,0,0
740D0,WO,0,0,0,0,0,0,0,0,0
740E1,WO,0,0,0,0,0,0,0,0,0
740E2,WO,0,0,0,0,0,0,0,0,0
740E3,WO,0,0,0,0,0,0,0,0,0
740F1,WO,0,0,0,0,0,0,0,0,0
740F2,WO,0,0,0,0,0,0,0,0,0
740G1,WO,0,0,0,0,0,0,0,0,0
740G2,WO,0,0,0,0,0,0,0,0,0
740G3,WO,0,0,0,0,0,0,0,0,0
740H1,WO,0,0,0,0,0,0,0,0,0
740H2,WO,0,0,0,0,0,0,0,0,0
740H3,WO,0,0,0,0,0,0,0,0,0
740I1,WO,0,0,0,0,0,0,0,0,0
740I2,WO,0,0,0,0,0,0,0,0,0
740I3,WO,0,0,0,0,0,0,0,0,0
740J0,WO,0,0,0,0,0,0,0,0,0
74031,NG,0,0,0,0,0,0,0,0,0
74032,NG,0,0,0,0,0,0,0,0,0
74041,NG,0,0,0,0,0,0,0,0,0
741A1,WO,0,0,0,0,0,0,0,0,0
741A2,WO,0,0,0,0,0,0,0,0,0
741B0,WO,0,0,0,0,0,0,0,0,0
741C1,WO,0,0,0,0,0,0,0,0,0
741C2,WO,0,0,0,0,0,0,0,0,0
741C3,WO,0,0,0,0,0,0,0,0,0
741D1,WO,0,0,0,0,0,0,0,0,0
741D2,WO,0,0,0,0,0,0,0,0,0
741D3,WO,0,0,0,0,0,0,0,0,0
741E0,WO,0,0,0,0,0,0,0,0,0
741F1,WO,0,0,0,0,0,0,0,0,0
741F2,WO,0,0,0,0,0,0,0,0,0
741G1,WO,0,0,0,0,0,0,0,0,0
741G2,WO,0,0,0,0,0,0,0,0,0
741G3,WO,0,0,0,0,0,0,0,0,0
741G4,WO,0,0,0,0,0,0,0,0,0
741H0,WO,0,0,0,0,0,0,0,0,0
741I1,WO,0,0,0,0,0,0,0,0,0
741I2,WO,0,0,0,0,0,0,0,0,0
741J1,WO,0,0,0,0,0,0,0,0,0
741J2,WO,0,0,0,0,0,0,0,0,0
741J3,WO,0,0,0,0,0,0,0,0,0
741K0,WO,0,0,0,0,0,0,0,0,0
74131,NG,0,0,0,0,0,0,0,0,0
742A1,WO,0,0,0,0,0,0,0,0,0
742A2,WO,0,0,0,0,0,0,0,0,0
742A3,WO,0,0,0,0,0,0,0,0,0
742A4,WO,0,0,0,0,0,0,0,0,0
742B1,WO,0,0,0,0,0,0,0,0,0
742B2,WO,0,0,0,0,0,0,0,0,0
742C1,WO,0,0,0,0,0,0,0,0,0
742C2,WO,0,0,0,0,0,0,0,0,0
742D1,WO,0,0,0,0,0,0,0,0,0
742D2,WO,0,0,0,0,0,0,0,0,0
742E0,WO,0,0,0,0,0,0,0,0,0
742F1,WO,0,0,0,0,0,0,0,0,0
742F2,WO,0,0,0,0,0,0,0,0,0
742F3,WO,0,0,0,0,0,0,0,0,0
742F4,WO,0,0,0,0,0,0,0,0,0
742F5,WO,0,0,0,0,0,0,0,0,0
742G1,WO,0,0,0,0,0,0,0,0,0
742G2,WO,0,0,0,0,0,0,0,0,0
742G3,WO,0,0,0,0,0,0,0,0,0
742G4,WO,0,0,0,0,0,0,0,0,0
74231,NG,0,0,0,0,0,0,0,0,0
743A1,WO,0,0,0,0,0,0,0,0,0
743A2,WO,0,0,0,0,0,0,0,0,0
743B0,WO,0,0,0,0,0,0,0,0,0
743C1,WO,0,0,0,0,0,0,0,0,0
743C2,WO,0,0,0,0,0,0,0,0,0
743C3,WO,0,0,0,0,0,0,0,0,0
743D1,WO,0,0,0,0,0,0,0,0,0
743D2,WO,0,0,0,0,0,0,0,0,0
743D3,WO,0,0,0,0,0,0,0,0,0
743E1,WO,0,0,0,0,0,0,0,0,0
743E2,WO,0,0,0,0,0,0,0,0,0
743E3,WO,0,0,0,0,0,0,0,0,0
743F1,WO,0,0,0,0,0,0,0,0,0
743F2,WO,0,0,0,0,0,0,0,0,0
743G1,WO,0,0,0,0,0,0,0,0,0
743G2,WO,0,0,0,0,0,0,0,0,0
743G3,WO,0,0,0,0,0,0,0,0,0
743G4,WO,0,0,0,0,0,0,0,0,0
743H0,WO,0,0,0,0,0,0,0,0,0
743I1,WO,0,0,0,0,0,0,0,0,0
743I2,WO,0,0,0,0,0,0,0,0,0
743I3,WO,0,0,0,0,0,0,0,0,0
74331,NG,0,0,0,0,0,0,0,0,0
74341,NG,0,0,0,0,0,0,0,0,0
744A1,WO,0,0,0,0,0,0,0,0,0
744A2,WO,0,0,0,0,0,0,0,0,0
744B1,WO,0,0,0,0,0,0,0,0,0
744B2,WO,0,0,0,0,0,0,0,0,0
744C1,WO,0,0,0,0,0,0,0,0,0
744C2,WO,0,0,0,0,0,0,0,0,0
744C3,WO,0,0,0,0,0,0,0,0,0
744C4,WO,0,0,0,0,0,0,0,0,0
744D0,WO,0,0,0,0,0,0,0,0,0
744E1,WO,0,0,0,0,0,0,0,0,0
744E2,WO,0,0,0,0,0,0,0,0,0
744F1,WO,0,0,0,0,0,0,0,0,0
744F2,WO,0,0,0,0,0,0,0,0,0
744F3,WO,0,0,0,0,0,0,0,0,0
744F4,WO,0,0,0,0,0,0,0,0,0
744F5,WO,0,0,0,0,0,0,0,0,0
744G0,WO,0,0,0,0,0,0,0,0,0
744H1,WO,0,0,0,0,0,0,0,0,0
744H2,WO,0,0,0,0,0,0,0,0,0
744I0,WO,0,0,0,0,0,0,0,0,0
74441,NG,0,0,0,0,0,0,0,0,0
745A0,WO,0,0,0,0,0,0,0,0,0
745B0,WO,0,0,0,0,0,0,0,0,0
745C1,WO,0,0,0,0,0,0,0,0,0
745C2,WO,0,0,0,0,0,0,0,0,0
745D1,WO,0,0,0,0,0,0,0,0,0
745D2,WO,0,0,0,0,0,0,0,0,0
745E0,WO,0,0,0,0,0,0,0,0,0
745F0,WO,0,0,0,0,0,0,0,0,0
745G1,WO,0,0,0,0,0,0,0,0,0
745G2,WO,0,0,0,0,0,0,0,0,0
745H0,WO,0,0,0,0,0,0,0,0,0
747A1,WO,0,0,0,0,0,0,0,0,0
747A2,WO,0,0,0,0,0,0,0,0,0
747A3,WO,0,0,0,0,0,0,0,0,0
747A4,WO,0,0,0,0,0,0,0,0,0
747A5,WO,0,0,0,0,0,0,0,0,0
747B1,WO,0,0,0,0,0,0,0,0,0
747B2,WO,0,0,0,0,0,0,0,0,0
747C1,WO,0,0,0,0,0,0,0,0,0
747C2,WO,0,0,0,0,0,0,0,0,0
747C3,WO,0,0,0,0,0,0,0,0,0
747D1,WO,0,0,0,0,0,0,0,0,0
747D2,WO,0,0,0,0,0,0,0,0,0
747D3,WO,0,0,0,0,0,0,0,0,0
747E1,WO,0,0,0,0,0,0,0,0,0
747E2,WO,0,0,0,0,0,0,0,0,0
747E3,WO,0,0,0,0,0,0,0,0,0
747F0,WO,0,0,0,0,0,0,0,0,0
74741,NG,0,0,0,0,0,0,0,0,0
748A1,WO,0,0,0,0,0,0,0,0,0
748A2,WO,0,0,0,0,0,0,0,0,0
748A3,WO,0,0,0,0,0,0,0,0,0
748B1,WO,0,0,0,0,0,0,0,0,0
748B2,WO,0,0,0,0,0,0,0,0,0
748B3,WO,0,0,0,0,0,0,0,0,0
748B4,WO,0,0,0,0,0,0,0,0,0
748B5,WO,0,0,0,0,0,0,0,0,0
748B6,WO,0,0,0,0,0,0,0,0,0
748C1,WO,0,0,0,0,0,0,0,0,0
748C2,WO,0,0,0,0,0,0,0,0,0
748C3,WO,0,0,0,0,0,0,0,0,0
748C4,WO,0,0,0,0,0,0,0,0,0
748C5,WO,0,0,0,0,0,0,0,0,0
748D1,WO,0,0,0,0,0,0,0,0,0
748D2,WO,0,0,0,0,0,0,0,0,0
748E1,WO,0,0,0,0,0,0,0,0,0
748E2,WO,0,0,0,0,0,0,0,0,0
748E3,WO,0,0,0,0,0,0,0,0,0
748E4,WO,0,0,0,0,0,0,0,0,0
748F0,WO,0,0,0,0,0,0,0,0,0
74831,NG,0,0,0,0,0,0,0,0,0
749A1,WO,0,0,0,0,0,0,0,0,0
749A2,WO,0,0,0,0,0,0,0,0,0
749A3,WO,0,0,0,0,0,0,0,0,0
749A4,WO,0,0,0,0,0,0,0,0,0
749B1,WO,0,0,0,0,0,0,0,0,0
749B2,WO,0,0,0,0,0,0,0,0,0
749B3,WO,0,0,0,0,0,0,0,0,0
749B4,WO,0,0,0,0,0,0,0,0,0
749B5,WO,0,0,0,0,0,0,0,0,0
749B6,WO,0,0,0,0,0,0,0,0,0
749C0,WO,0,0,0,0,0,0,0,0,0
749D1,WO,0,0,0,0,0,0,0,0,0
749D2,WO,0,0,0,0,0,0,0,0,0
749D3,WO,0,0,0,0,0,0,0,0,0
749D4,WO,0,0,0,0,0,0,0,0,0
749E1,WO,0,0,0,0,0,0,0,0,0
749E2,WO,0,0,0,0,0,0,0,0,0
749E3,WO,0,0,0,0,0,0,0,0,0
749E4,WO,0,0,0,0,0,0,0,0,0
749F1,WO,0,0,0,0,0,0,0,0,0
749F2,WO,0,0,0,0,0,0,0,0,0
749G1,WO,0,0,0,0,0,0,0,0,0
749G2,WO,0,0,0,0,0,0,0,0,0
74931,NG,0,0,0,0,0,0,0,0,0
750A1,WO,0,0,0,0,0,0,0,0,0
750A2,WO,0,0,0,0,0,0,0,0,0
750A3,WO,0,0,0,0,0,0,0,0,0
750A4,WO,0,0,0,0,0,0,0,0,0
750B0,WO,0,0,0,0,0,0,0,0,0
750C0,WO,0,0,0,0,0,0,0,0,0
750D1,WO,0,0,0,0,0,0,0,0,0
750D2,WO,0,0,0,0,0,0,0,0,0
750E1,WO,0,0,0,0,0,0,0,0,0
750E2,WO,0,0,0,0,0,0,0,0,0
750E3,WO,0,0,0,0,0,0,0,0,0
750E4,WO,0,0,0,0,0,0,0,0,0
750F0,WO,0,0,0,0,0,0,0,0,0
750G1,WO,0,0,0,0,0,0,0,0,0
750G2,WO,0,0,0,0,0,0,0,0,0
750H0,WO,0,0,0,0,0,0,0,0,0
750I1,WO,0,0,0,0,0,0,0,0,0
750I2,WO,0,0,0,0,0,0,0,0,0
750I3,WO,0,0,0,0,0,0,0,0,0
75031,NG,0,0,0,0,0,0,0,0,0
75051,NG,0,0,0,0,0,0,0,0,0
751A1,WO,0,0,0,0,0,0,0,0,0
751A2,WO,0,0,0,0,0,0,0,0,0
751A3,WO,0,0,0,0,0,0,0,0,0
751A4,WO,0,0,0,0,0,0,0,0,0
751B1,WO,0,0,0,0,0,0,0,0,0
751B2,WO,0,0,0,0,0,0,0,0,0
751B3,WO,0,0,0,0,0,0,0,0,0
751B4,WO,0,0,0,0,0,0,0,0,0
751C1,WO,0,0,0,0,0,0,0,0,0
751C2,WO,0,0,0,0,0,0,0,0,0
751D0,WO,0,0,0,0,0,0,0,0,0
751E0,WO,0,0,0,0,0,0,0,0,0
751F0,WO,0,0,0,0,0,0,0,0,0
751G1,WO,0,0,0,0,0,0,0,0,0
751G2,WO,0,0,0,0,0,0,0,0,0
751G3,WO,0,0,0,0,0,0,0,0,0
751G4,WO,0,0,0,0,0,0,0,0,0
751G5,WO,0,0,0,0,0,0,0,0,0
751G6,WO,0,0,0,0,0,0,0,0,0
751H1,WO,0,0,0,0,0,0,0,0,0
751H2,WO,0,0,0,0,0,0,0,0,0
751H3,WO,0,0,0,0,0,0,0,0,0
751I0,WO,0,0,0,0,0,0,0,0,0
751J0,WO,0,0,0,0,0,0,0,0,0
751K1,WO,0,0,0,0,0,0,0,0,0
751K2,WO,0,0,0,0,0,0,0,0,0
751K3,WO,0,0,0,0,0,0,0,0,0
751K4,WO,0,0,0,0,0,0,0,0,0
751L1,WO,0,0,0,0,0,0,0,0,0
751L2,WO,0,0,0,0,0,0,0,0,0
751M1,WO,0,0,0,0,0,0,0,0,0
751M2,WO,0,0,0,0,0,0,0,0,0
751N0,WO,0,0,0,0,0,0,0,0,0
75131,NG,0,0,0,0,0,0,0,0,0
75132,NG,0,0,0,0,0,0,0,0,0
75141,NG,0,0,0,0,0,0,0,0,0
75142,NG,0,0,0,0,0,0,0,0,0
75191,NG,0,0,0,0,0,0,0,0,0
752A1,WO,0,0,0,0,0,0,0,0,0
752A2,WO,0,0,0,0,0,0,0,0,0
752A3,WO,0,0,0,0,0,0,0,0,0
752B1,WO,0,0,0,0,0,0,0,0,0
752B2,WO,0,0,0,0,0,0,0,0,0
752B3,WO,0,0,0,0,0,0,0,0,0
752B4,WO,0,0,0,0,0,0,0,0,0
752C1,WO,0,0,0,0,0,0,0,0,0
752C2,WO,0,0,0,0,0,0,0,0,0
752D0,WO,0,0,0,0,0,0,0,0,0
752E1,WO,0,0,0,0,0,0,0,0,0
752E2,WO,0,0,0,0,0,0,0,0,0
752E3,WO,0,0,0,0,0,0,0,0,0
752F1,WO,0,0,0,0,0,0,0,0,0
752F2,WO,0,0,0,0,0,0,0,0,0
75231,NG,0,0,0,0,0,0,0,0,0
